C_YEAR,C_MNTH,C_WDAY,C_HOUR,C_SEV,C_VEHS,C_CONF,C_RCFG,C_WTHR,C_RSUR,C_RALN,C_TRAF,V_ID,V_TYPE,V_YEAR,P_ID,P_SEX,P_AGE,P_PSN,P_ISEV,P_SAFE,P_USER,C_CASE
1999,01,1,20,2,02,34,UU,1,5,3,03,01,06,1990,01,M,41,11,1,UU,1,000000000000752
1999,01,1,20,2,02,34,UU,1,5,3,03,02,01,1987,01,M,19,11,1,UU,1,000000000000752
1999,01,1,20,2,02,34,UU,1,5,3,03,02,01,1987,02,F,20,13,2,02,2,000000000000752
1999,01,1,08,2,01,01,UU,5,3,6,18,01,01,1986,01,M,46,11,1,UU,1,000000000000753
1999,01,1,08,2,01,01,UU,5,3,6,18,99,NN,NNNN,01,M,05,99,2,UU,3,000000000000753
1999,01,1,17,2,03,QQ,QQ,1,2,1,01,01,01,1984,01,M,28,11,1,UU,1,000000000000820
1999,01,1,17,2,03,QQ,QQ,1,2,1,01,02,01,1991,01,M,21,11,1,UU,1,000000000000820
1999,01,1,17,2,03,QQ,QQ,1,2,1,01,02,01,1991,02,F,UU,13,2,UU,2,000000000000820
1999,01,1,17,2,03,QQ,QQ,1,2,1,01,03,01,1992,01,M,UU,11,2,UU,1,000000000000820
1999,01,1,15,2,01,04,UU,1,5,U,UU,01,01,1997,01,M,61,11,1,UU,1,000000000000932
1999,01,1,15,2,01,04,UU,1,5,U,UU,01,01,1997,02,F,56,13,2,02,2,000000000000932
1999,01,1,14,2,02,31,UU,3,4,2,UU,01,01,1993,01,F,34,11,1,UU,1,000000000000992
1999,01,1,14,2,02,31,UU,3,4,2,UU,02,01,1997,01,F,34,11,2,02,1,000000000000992
1999,01,1,01,2,01,QQ,UU,1,2,5,UU,01,06,1985,01,M,22,11,2,02,1,000000000001067
1999,01,1,01,2,01,QQ,UU,1,2,5,UU,01,06,1985,02,M,28,13,2,02,2,000000000001067
1999,01,1,11,2,02,34,UU,1,2,2,01,01,06,1988,01,F,30,11,2,02,1,000000000001243
1999,01,1,11,2,02,34,UU,1,2,2,01,02,06,1993,01,M,49,11,2,02,1,000000000001243
1999,01,1,11,2,02,34,UU,1,2,2,01,01,06,1988,01,F,30,11,2,02,1,000000000001266
1999,01,1,11,2,02,34,UU,1,2,2,01,02,06,1993,01,M,49,11,2,02,1,000000000001266
1999,01,1,11,2,02,21,UU,1,5,1,UU,01,01,1994,01,M,32,11,1,UU,1,000000000001331
1999,01,1,11,2,02,21,UU,1,5,1,UU,02,06,1985,01,M,34,11,2,02,1,000000000001331
1999,01,1,13,2,02,34,UU,1,1,4,UU,01,06,1994,01,M,22,11,1,UU,1,000000000001677
1999,01,1,13,2,02,34,UU,1,1,4,UU,02,01,1993,01,F,31,11,2,02,1,000000000001677
1999,01,1,19,2,02,34,UU,1,1,1,UU,01,01,1995,01,M,68,11,1,UU,1,000000000001689
1999,01,1,19,2,02,34,UU,1,1,1,UU,02,01,1992,01,F,30,11,2,02,1,000000000001689
1999,01,1,19,2,02,34,UU,1,1,1,UU,02,01,1992,02,F,08,23,2,02,2,000000000001689
1999,01,1,16,2,02,23,UU,1,1,1,18,01,01,1998,01,M,45,11,2,02,1,000000000001719
1999,01,1,16,2,02,23,UU,1,1,1,18,02,01,1989,01,M,17,11,1,UU,1,000000000001719
1999,01,1,09,2,01,04,UU,3,5,5,18,01,01,1998,01,F,41,11,2,02,1,000000000001759
1999,01,1,02,2,02,34,UU,1,2,2,01,01,01,1997,01,F,33,11,2,02,1,000000000001980
1999,01,1,02,2,02,34,UU,1,2,2,01,02,01,1990,01,M,82,11,1,UU,1,000000000001980
1999,01,1,18,2,01,01,UU,3,2,1,18,01,01,1990,01,F,61,11,1,UU,1,000000000002003
1999,01,1,18,2,01,01,UU,3,2,1,18,99,NN,NNNN,01,M,39,99,2,NN,3,000000000002003
1999,01,1,13,2,01,01,UU,3,2,1,UU,01,11,UUUU,01,F,37,11,1,UU,1,000000000002005
1999,01,1,13,2,01,01,UU,3,2,1,UU,02,01,1995,01,F,55,11,1,UU,1,000000000002005
1999,01,1,13,2,01,01,UU,3,2,1,UU,99,NN,NNNN,01,F,38,99,2,NN,3,000000000002005
1999,01,1,17,2,04,QQ,UU,1,2,1,01,01,01,1989,01,M,21,11,1,UU,1,000000000002030
1999,01,1,17,2,04,QQ,UU,1,2,1,01,02,06,1990,01,F,43,11,1,UU,1,000000000002030
1999,01,1,17,2,04,QQ,UU,1,2,1,01,03,01,1994,01,M,UU,11,2,02,1,000000000002030
1999,01,1,17,2,04,QQ,UU,1,2,1,01,04,UU,1996,01,M,UU,11,2,02,U,000000000002030
1999,01,1,18,2,02,QQ,UU,1,1,1,UU,01,01,1989,01,M,35,11,1,UU,1,000000000002035
1999,01,1,18,2,02,QQ,UU,1,1,1,UU,02,01,1998,01,F,41,11,1,UU,1,000000000002035
1999,01,1,18,2,02,QQ,UU,1,1,1,UU,UU,UU,UUUU,01,F,35,98,2,NN,U,000000000002035
1999,01,1,19,2,01,01,UU,3,5,4,UU,01,01,1997,01,F,23,11,2,02,1,000000000002040
1999,01,1,12,2,01,04,QQ,1,5,3,18,01,01,1993,01,F,25,11,2,02,1,000000000002335
1999,01,1,10,2,01,03,QQ,1,2,1,18,01,01,1998,01,M,65,11,2,02,1,000000000002479
1999,01,1,15,2,01,QQ,01,1,1,1,06,01,01,1995,01,M,17,11,1,02,1,000000000002541
1999,01,1,15,2,01,QQ,01,1,1,1,06,99,NN,NNNN,02,F,41,99,2,NN,3,000000000002541
1999,01,1,23,2,01,02,QQ,1,5,1,10,01,01,1997,01,M,25,11,2,02,1,000000000002667
1999,01,1,23,2,01,02,QQ,1,5,1,10,01,01,1997,02,M,UU,13,2,02,2,000000000002667
1999,01,1,23,1,01,04,UU,1,1,4,18,01,06,1997,01,M,44,11,3,02,1,000000000002858
1999,01,1,00,2,01,01,UU,1,2,3,18,01,01,1986,01,M,36,11,2,02,1,000000000002874
1999,01,1,09,2,02,34,02,1,1,1,01,01,01,1992,01,F,33,11,2,02,1,000000000002890
1999,01,1,09,2,02,34,02,1,1,1,01,01,01,1992,02,F,UU,23,1,02,2,000000000002890
1999,01,1,09,2,02,34,02,1,1,1,01,02,01,1992,01,F,70,11,1,02,1,000000000002890
1999,01,1,09,2,01,03,UU,1,5,3,18,01,01,1996,01,F,50,11,2,02,1,000000000002951
1999,01,1,09,2,01,03,UU,1,5,3,18,01,01,1996,02,F,44,13,2,02,2,000000000002951
1999,01,1,08,2,02,04,UU,1,5,3,18,01,01,1996,01,M,43,11,2,02,1,000000000002954
1999,01,1,08,2,02,04,UU,1,5,3,18,01,01,1996,02,F,40,13,2,02,2,000000000002954
1999,01,1,08,2,02,04,UU,1,5,3,18,02,01,1989,01,U,UU,11,1,UU,1,000000000002954
1999,01,1,08,2,01,04,UU,1,5,3,18,01,01,1985,01,F,27,11,2,02,1,000000000002955
1999,01,1,08,2,01,04,UU,1,5,3,18,01,01,1985,02,F,27,13,2,02,2,000000000002955
1999,01,1,06,2,01,04,UU,1,5,4,18,01,01,1995,01,F,28,11,2,02,1,000000000002956
1999,01,1,06,2,01,04,UU,1,5,4,18,01,01,1995,02,M,26,13,1,02,2,000000000002956
1999,01,1,19,2,01,04,UU,1,5,1,18,01,06,1998,01,F,28,11,2,02,1,000000000003075
1999,01,1,14,2,02,QQ,UU,1,5,2,UU,01,20,UUUU,01,M,39,11,1,01,U,000000000003224
1999,01,1,14,2,02,QQ,UU,1,5,2,UU,01,20,UUUU,02,M,UU,13,1,02,U,000000000003224
1999,01,1,14,2,02,QQ,UU,1,5,2,UU,02,01,1993,01,M,15,11,2,02,1,000000000003224
1999,01,1,07,2,02,QQ,UU,1,1,1,18,01,01,1983,01,F,53,11,1,02,1,000000000003248
1999,01,1,07,2,02,QQ,UU,1,1,1,18,02,17,UUUU,01,F,UU,11,2,13,4,000000000003248
1999,01,1,19,2,01,01,UU,1,2,1,06,01,01,1995,01,F,16,11,1,02,1,000000000003284
1999,01,1,19,2,01,01,UU,1,2,1,06,99,NN,NNNN,01,F,45,99,2,UU,3,000000000003284
1999,01,1,11,2,02,QQ,UU,1,1,1,18,01,01,1997,01,M,45,11,1,02,1,000000000003414
1999,01,1,11,2,02,QQ,UU,1,1,1,18,01,01,1997,02,M,68,13,2,02,2,000000000003414
1999,01,1,11,2,02,QQ,UU,1,1,1,18,02,01,1990,01,M,36,11,2,02,1,000000000003414
1999,01,1,15,2,01,03,UU,4,3,5,18,01,01,1992,01,M,17,11,2,02,1,000000000003499
1999,01,1,15,2,01,03,UU,4,3,5,18,01,01,1992,02,F,15,13,2,02,2,000000000003499
1999,01,1,15,2,01,03,UU,4,3,5,18,01,01,1992,03,F,13,21,1,02,2,000000000003499
1999,01,1,15,2,01,03,UU,4,3,5,18,01,01,1992,04,F,14,22,1,02,2,000000000003499
1999,01,1,15,2,01,03,UU,4,3,5,18,01,01,1992,05,M,15,23,1,02,2,000000000003499
1999,01,1,21,2,02,31,UU,4,3,U,18,01,UU,1998,01,M,34,11,1,02,U,000000000003518
1999,01,1,21,2,02,31,UU,4,3,U,18,02,UU,1989,01,F,26,11,2,02,U,000000000003518
1999,01,1,21,2,02,31,UU,4,3,U,18,02,UU,1989,02,F,45,13,2,02,U,000000000003518
1999,01,1,21,2,02,31,UU,4,3,U,18,02,UU,1989,03,F,12,23,2,02,U,000000000003518
1999,01,1,20,2,01,QQ,UU,4,3,2,18,01,01,1988,01,F,16,11,2,02,1,000000000003519
1999,01,1,20,2,01,QQ,UU,4,3,2,18,01,01,1988,02,M,18,13,1,02,2,000000000003519
1999,01,1,20,2,01,QQ,UU,4,3,2,18,01,01,1988,03,M,18,21,1,02,2,000000000003519
1999,01,1,14,2,02,QQ,UU,4,3,1,UU,01,01,1996,01,M,77,11,2,02,1,000000000003544
1999,01,1,14,2,02,QQ,UU,4,3,1,UU,02,01,1989,01,M,86,11,2,UU,1,000000000003544
1999,01,1,15,2,01,01,UU,4,3,1,UU,01,01,1998,01,M,55,11,2,02,1,000000000003545
1999,01,1,15,2,01,01,UU,4,3,1,UU,01,01,1998,02,M,55,13,1,02,2,000000000003545
1999,01,1,12,2,01,04,UU,1,1,2,18,01,06,1998,01,M,65,11,2,UU,1,000000000003585
1999,01,1,20,2,02,33,UU,1,1,1,01,01,06,1991,01,M,42,11,1,02,1,000000000003627
1999,01,1,20,2,02,33,UU,1,1,1,01,01,06,1991,02,F,15,13,1,02,2,000000000003627
1999,01,1,20,2,02,33,UU,1,1,1,01,02,01,1990,01,F,24,11,2,02,1,000000000003627
1999,01,1,20,2,02,QQ,UU,1,1,6,UU,01,01,1996,01,F,43,11,2,02,1,000000000003789
1999,01,1,20,2,02,QQ,UU,1,1,6,UU,01,01,1996,02,M,16,13,2,02,2,000000000003789
1999,01,1,20,2,02,QQ,UU,1,1,6,UU,02,01,1993,01,F,25,11,1,02,1,000000000003789
1999,01,1,20,2,02,QQ,UU,1,1,6,UU,02,01,1993,02,F,20,13,1,02,2,000000000003789
1999,01,1,13,2,02,QQ,UU,1,1,1,01,01,01,1986,01,M,33,11,1,02,1,000000000003793
1999,01,1,13,2,02,QQ,UU,1,1,1,01,02,01,1988,01,M,47,11,2,02,1,000000000003793
1999,01,1,14,2,01,04,UU,1,1,1,18,01,01,1985,01,M,20,11,2,02,1,000000000003814
1999,01,1,14,2,01,04,UU,1,1,1,18,01,01,1985,02,M,19,13,2,01,2,000000000003814
1999,01,1,23,2,01,QQ,UU,1,1,5,UU,01,01,1999,01,M,22,11,2,02,1,000000000003903
1999,01,1,14,2,06,QQ,UU,1,2,1,UU,01,06,1993,01,U,UU,11,1,UU,1,000000000003938
1999,01,1,14,2,06,QQ,UU,1,2,1,UU,02,01,1991,01,U,UU,11,1,UU,1,000000000003938
1999,01,1,14,2,06,QQ,UU,1,2,1,UU,03,06,1993,01,U,UU,11,1,UU,1,000000000003938
1999,01,1,14,2,06,QQ,UU,1,2,1,UU,04,01,1989,01,U,UU,11,1,UU,1,000000000003938
1999,01,1,14,2,06,QQ,UU,1,2,1,UU,05,01,1997,01,U,UU,11,1,UU,1,000000000003938
1999,01,1,14,2,06,QQ,UU,1,2,1,UU,06,UU,1986,01,F,77,11,2,UU,U,000000000003938
1999,01,1,17,2,02,21,UU,4,3,2,01,01,01,1991,01,F,50,11,2,02,1,000000000003939
1999,01,1,17,2,02,21,UU,4,3,2,01,01,01,1991,02,F,82,13,2,02,2,000000000003939
1999,01,1,17,2,02,21,UU,4,3,2,01,02,01,1995,01,F,22,11,1,02,1,000000000003939
1999,01,1,17,2,01,QQ,UU,4,3,1,UU,01,01,1994,01,F,62,11,2,02,1,000000000003940
1999,01,1,12,2,02,21,UU,1,2,1,UU,01,06,1991,01,M,45,11,1,02,1,000000000003948
1999,01,1,12,2,02,21,UU,1,2,1,UU,02,01,1993,01,F,28,11,2,02,1,000000000003948
1999,01,1,12,2,02,21,UU,1,2,1,UU,02,01,1993,02,F,06,13,2,02,2,000000000003948
1999,01,1,12,2,02,21,UU,1,2,1,UU,02,01,1993,03,F,05,23,2,02,2,000000000003948
1999,01,1,07,2,01,04,UU,1,5,2,18,01,01,1995,01,M,UU,11,2,02,1,000000000004214
1999,01,1,19,2,02,21,UU,4,5,1,01,01,01,1987,01,M,19,11,1,02,1,000000000004216
1999,01,1,19,2,02,21,UU,4,5,1,01,01,01,1987,02,F,17,13,1,02,2,000000000004216
1999,01,1,19,2,02,21,UU,4,5,1,01,02,01,1997,01,F,25,11,2,02,1,000000000004216
1999,01,1,19,2,02,21,UU,4,5,1,01,02,01,1997,02,M,25,13,2,02,2,000000000004216
1999,01,1,20,2,01,03,UU,1,5,1,UU,01,01,1998,01,M,18,11,2,02,1,000000000004227
1999,01,1,14,2,01,04,UU,1,6,3,05,01,01,1988,01,F,20,11,2,UU,1,000000000004330
1999,01,1,20,2,01,03,03,1,1,3,05,01,01,1988,01,F,38,11,2,02,1,000000000004332
1999,01,1,19,2,02,21,UU,4,3,2,UU,01,01,1984,01,M,47,11,2,02,1,000000000004335
1999,01,1,19,2,02,21,UU,4,3,2,UU,02,UU,1998,01,M,36,11,1,UU,U,000000000004335
1999,01,1,UU,2,02,33,02,1,1,1,05,01,06,1990,01,M,57,11,1,02,1,000000000004370
1999,01,1,UU,2,02,33,02,1,1,1,05,02,01,1991,01,M,18,11,2,02,1,000000000004370
1999,01,1,19,2,01,03,UU,4,3,2,UU,01,01,1995,01,F,44,11,2,02,1,000000000004403
1999,01,1,19,2,01,03,UU,4,3,2,UU,01,01,1995,02,F,17,13,2,02,2,000000000004403
1999,01,1,20,2,01,04,UU,4,3,6,UU,01,01,1994,01,F,45,11,2,02,1,000000000004668
1999,01,1,19,2,01,01,UU,1,1,1,18,01,01,1995,01,M,83,11,1,02,1,000000000004754
1999,01,1,19,2,01,01,UU,1,1,1,18,99,NN,NNNN,01,M,45,99,2,UU,3,000000000004754
1999,01,1,18,2,01,01,UU,1,1,1,UU,01,06,1994,01,F,41,11,2,02,1,000000000004842
1999,01,1,18,2,01,01,UU,1,1,1,UU,01,06,1994,02,M,19,13,2,02,2,000000000004842
1999,01,1,13,2,02,21,UU,1,1,3,04,01,UU,1986,01,F,47,11,2,02,U,000000000004888
1999,01,1,13,2,02,21,UU,1,1,3,04,02,UU,UUUU,01,M,32,11,1,UU,U,000000000004888
1999,01,1,18,2,01,01,02,1,1,1,UU,01,01,1993,01,F,55,11,1,02,1,000000000005049
1999,01,1,18,2,01,01,02,1,1,1,UU,99,NN,NNNN,01,F,74,99,2,UU,3,000000000005049
1999,01,1,05,2,02,01,02,3,2,4,18,01,06,1995,01,M,34,11,1,02,1,000000000005053
1999,01,1,05,2,02,01,02,3,2,4,18,01,06,1995,02,M,30,13,1,02,2,000000000005053
1999,01,1,05,2,02,01,02,3,2,4,18,02,01,1989,01,U,UU,11,1,UU,1,000000000005053
1999,01,1,05,2,02,01,02,3,2,4,18,99,NN,NNNN,01,U,UU,99,2,13,3,000000000005053
1999,01,1,19,2,01,04,UU,1,1,3,UU,01,01,1992,01,M,35,11,2,02,1,000000000005213
1999,01,1,19,2,01,04,UU,1,1,3,UU,01,01,1992,02,F,67,13,2,02,2,000000000005213
1999,01,1,08,2,03,33,02,4,2,4,18,01,01,1989,01,M,18,11,2,02,1,000000000005392
1999,01,1,08,2,03,33,02,4,2,4,18,02,07,UUUU,01,M,51,11,1,02,1,000000000005392
1999,01,1,08,2,03,33,02,4,2,4,18,03,06,1994,01,F,34,11,1,UU,1,000000000005392
1999,01,1,10,2,01,04,UU,4,3,2,UU,01,01,1984,01,M,47,11,2,02,1,000000000005403
1999,01,1,23,2,01,03,UU,1,5,4,18,01,01,1993,01,F,23,11,2,02,1,000000000005409
1999,01,1,11,2,02,21,UU,1,1,1,06,01,01,1996,01,F,41,11,2,02,1,000000000005681
1999,01,1,11,2,02,21,UU,1,1,1,06,02,01,1997,01,F,44,11,1,UU,1,000000000005681
1999,01,1,10,2,01,01,UU,1,5,3,18,01,01,1998,01,M,26,11,1,02,1,000000000005776
1999,01,1,10,2,01,01,UU,1,5,3,18,01,01,1998,02,M,22,13,2,02,2,000000000005776
1999,01,1,10,2,01,01,UU,1,5,3,18,01,01,1998,03,M,25,21,2,02,2,000000000005776
1999,01,1,10,2,02,21,UU,1,1,2,18,01,01,1992,01,F,34,11,2,02,1,000000000005830
1999,01,1,10,2,02,21,UU,1,1,2,18,02,01,1988,01,F,35,11,1,UU,1,000000000005830
1999,01,1,12,2,02,21,UU,1,1,1,UU,01,01,1994,01,F,42,11,2,02,1,000000000005834
1999,01,1,12,2,02,21,UU,1,1,1,UU,02,01,1997,01,M,31,11,1,02,1,000000000005834
1999,01,1,12,2,02,QQ,UU,1,1,1,01,01,01,1997,01,M,29,11,2,02,1,000000000005835
1999,01,1,12,2,02,QQ,UU,1,1,1,01,02,06,1986,01,M,44,11,1,UU,1,000000000005835
1999,01,1,12,1,01,01,02,1,1,1,06,01,01,1995,01,M,83,11,1,UU,1,000000000005840
1999,01,1,12,1,01,01,02,1,1,1,06,99,NN,NNNN,01,M,15,99,3,UU,3,000000000005840
1999,01,1,09,2,02,01,02,1,1,1,06,01,01,1986,01,F,68,11,1,02,1,000000000005848
1999,01,1,09,2,02,01,02,1,1,1,06,02,17,UUUU,01,M,46,11,2,13,4,000000000005848
1999,01,1,16,2,01,01,UU,1,1,1,06,01,01,1991,01,F,34,11,1,02,1,000000000005850
1999,01,1,16,2,01,01,UU,1,1,1,06,99,NN,NNNN,01,M,37,99,2,UU,3,000000000005850
1999,01,1,14,2,02,21,02,1,2,1,18,01,01,1995,01,M,UU,11,1,02,1,000000000005865
1999,01,1,14,2,02,21,02,1,2,1,18,02,01,1990,01,F,28,11,2,02,1,000000000005865
1999,01,1,14,2,02,21,02,1,2,1,18,02,01,1990,02,M,37,13,2,02,2,000000000005865
1999,01,1,07,2,01,QQ,UU,1,5,4,UU,01,01,1994,01,M,41,11,2,02,1,000000000005887
1999,01,1,02,2,01,04,UU,1,6,4,18,01,01,1998,01,F,33,11,2,02,1,000000000006001
1999,01,1,13,2,01,03,UU,1,3,3,18,01,01,1992,01,F,20,11,2,02,1,000000000007752
1999,01,1,UU,2,01,03,UU,1,4,2,18,01,01,1989,01,M,30,11,2,02,1,000000000007777
1999,01,1,UU,2,01,03,UU,1,4,2,18,01,01,1989,02,M,29,13,2,02,2,000000000007777
1999,01,1,UU,2,01,03,UU,1,4,2,18,01,01,1989,03,M,01,21,2,02,2,000000000007777
1999,01,1,UU,2,01,03,UU,1,4,2,18,01,01,1989,04,F,25,22,2,02,2,000000000007777
1999,01,1,UU,2,01,03,UU,1,4,2,18,01,01,1989,05,F,02,23,2,02,2,000000000007777
1999,01,1,07,2,01,04,05,1,5,1,18,01,06,1994,01,F,50,11,2,02,1,000000000007791
1999,01,1,13,2,01,UU,UU,1,3,3,18,01,06,1994,01,U,54,11,1,UU,1,000000000007882
1999,01,1,13,2,01,UU,UU,1,3,3,18,01,06,1994,02,F,71,13,2,UU,2,000000000007882
1999,01,1,10,2,01,04,UU,1,3,1,18,01,01,1990,01,M,20,11,2,02,1,000000000008294
1999,01,1,13,2,02,24,03,1,1,1,18,01,01,1992,01,M,20,11,2,01,1,000000000008430
1999,01,1,13,2,02,24,03,1,1,1,18,02,01,1994,01,U,51,11,1,UU,1,000000000008430
1999,01,1,08,2,02,34,02,1,2,1,18,01,06,1989,01,M,53,11,2,02,1,000000000008465
1999,01,1,08,2,02,34,02,1,2,1,18,02,01,1998,01,F,71,11,2,02,1,000000000008465
1999,01,1,07,2,01,03,UU,1,5,2,18,01,01,1965,01,F,29,11,2,02,1,000000000008495
1999,01,1,07,2,01,03,UU,1,5,2,18,01,01,1965,02,F,26,13,2,02,2,000000000008495
1999,01,1,07,2,01,03,UU,1,5,2,18,01,01,1965,03,F,10,21,2,02,2,000000000008495
1999,01,1,16,2,01,01,UU,4,3,2,18,01,01,1987,01,U,32,11,1,UU,1,000000000008516
1999,01,1,16,2,01,01,UU,4,3,2,18,99,NN,NNNN,01,M,UU,99,2,NN,3,000000000008516
1999,01,1,08,2,01,03,UU,7,5,1,18,01,06,1999,01,F,25,11,2,02,1,000000000008583
1999,01,1,15,2,02,21,02,1,1,1,18,01,06,1988,01,U,54,11,1,UU,1,000000000008654
1999,01,1,15,2,02,21,02,1,1,1,18,02,01,1990,01,U,61,11,1,UU,1,000000000008654
1999,01,1,15,2,02,21,02,1,1,1,18,02,01,1990,02,M,26,23,2,02,2,000000000008654
1999,01,1,18,2,01,04,UU,1,3,2,18,01,01,1993,01,F,29,11,2,02,1,000000000008682
1999,01,1,07,2,02,31,UU,1,3,2,01,01,06,1999,01,U,55,11,1,UU,1,000000000008683
1999,01,1,07,2,02,31,UU,1,3,2,01,02,01,1990,01,F,23,11,2,02,1,000000000008683
1999,01,1,07,2,02,31,UU,1,3,2,01,02,01,1990,02,F,20,13,2,02,2,000000000008683
1999,01,1,07,2,02,31,UU,1,3,2,01,02,01,1990,03,F,20,23,2,02,2,000000000008683
1999,01,1,08,2,02,21,02,1,5,1,03,01,06,1994,01,M,28,11,2,02,1,000000000008875
1999,01,1,08,2,02,21,02,1,5,1,03,02,01,1991,01,U,51,11,1,UU,1,000000000008875
1999,01,1,07,2,02,31,UU,1,5,1,18,01,01,1998,01,F,22,11,2,02,1,000000000008883
1999,01,1,07,2,02,31,UU,1,5,1,18,01,01,1998,02,F,23,13,2,02,2,000000000008883
1999,01,1,07,2,02,31,UU,1,5,1,18,02,01,1998,01,F,34,11,2,02,1,000000000008883
1999,01,1,12,2,01,01,UU,4,2,1,06,01,01,1990,01,U,77,11,1,UU,1,000000000008900
1999,01,1,12,2,01,01,UU,4,2,1,06,99,NN,NNNN,01,M,25,99,2,NN,3,000000000008900
1999,01,1,11,2,02,34,03,1,5,1,18,01,01,1989,01,F,38,11,2,02,1,000000000008990
1999,01,1,11,2,02,34,03,1,5,1,18,02,01,1984,01,F,38,11,2,02,1,000000000008990
1999,01,1,22,2,02,21,02,1,3,1,18,01,01,1992,01,U,79,11,1,UU,1,000000000008996
1999,01,1,22,2,02,21,02,1,3,1,18,02,01,1998,01,F,30,11,2,02,1,000000000008996
1999,01,1,22,2,02,21,02,1,3,1,18,02,01,1998,02,F,51,13,2,02,2,000000000008996
1999,01,1,22,2,02,21,02,1,3,1,18,02,01,1998,03,M,41,21,2,02,2,000000000008996
1999,01,1,22,2,02,21,02,1,3,1,18,02,01,1998,04,F,63,23,2,02,2,000000000008996
1999,01,1,10,2,02,21,02,1,2,1,06,01,06,1988,01,U,22,11,1,UU,1,000000000008998
1999,01,1,10,2,02,21,02,1,2,1,06,02,01,1995,01,F,25,11,2,02,1,000000000008998
1999,01,1,15,2,02,34,02,1,1,1,18,01,01,1998,01,M,23,11,2,02,1,000000000009088
1999,01,1,15,2,02,34,02,1,1,1,18,02,01,1993,01,M,53,11,2,02,1,000000000009088
1999,01,1,12,2,01,03,UU,1,3,4,18,01,01,1994,01,M,53,11,2,02,1,000000000009118
1999,01,1,12,2,01,03,UU,1,3,4,18,01,01,1994,02,F,49,13,2,02,2,000000000009118
1999,01,1,12,2,01,03,UU,1,3,4,18,01,01,1994,03,M,19,23,2,02,2,000000000009118
1999,01,1,12,2,02,34,UU,1,5,1,18,01,01,1991,01,M,26,11,2,02,1,000000000009295
1999,01,1,12,2,02,34,UU,1,5,1,18,02,01,1997,01,U,82,11,1,UU,1,000000000009295
1999,01,1,15,2,02,21,02,1,3,1,18,01,01,1990,01,U,20,11,1,UU,1,000000000009403
1999,01,1,15,2,02,21,02,1,3,1,18,01,01,1990,02,F,55,13,2,02,2,000000000009403
1999,01,1,15,2,02,21,02,1,3,1,18,02,06,1987,01,U,58,11,1,UU,1,000000000009403
1999,01,1,15,2,02,21,UU,1,3,1,18,01,01,1994,01,U,47,11,1,UU,1,000000000009429
1999,01,1,15,2,02,21,UU,1,3,1,18,01,01,1994,02,F,47,13,2,02,2,000000000009429
1999,01,1,15,2,02,21,UU,1,3,1,18,02,01,1987,01,U,37,11,1,UU,1,000000000009429
1999,01,1,18,2,02,33,02,1,2,2,01,01,01,1995,01,U,67,11,1,UU,1,000000000009656
1999,01,1,18,2,02,33,02,1,2,2,01,02,01,1987,01,M,36,11,2,02,1,000000000009656
1999,01,1,14,2,02,34,02,1,2,1,18,01,01,1986,01,U,19,11,1,UU,1,000000000009690
1999,01,1,14,2,02,34,02,1,2,1,18,01,01,1986,02,F,16,13,2,02,2,000000000009690
1999,01,1,14,2,02,34,02,1,2,1,18,02,01,1995,01,U,54,11,1,UU,1,000000000009690
1999,01,1,17,2,01,01,UU,1,5,1,05,01,01,1995,01,U,43,11,1,UU,1,000000000009957
1999,01,1,17,2,01,01,UU,1,5,1,05,99,NN,NNNN,01,M,UU,99,2,NN,3,000000000009957
1999,01,1,13,2,01,03,UU,1,5,2,18,01,01,1994,01,F,43,11,2,02,1,000000000009958
1999,01,1,16,2,02,34,02,4,3,1,03,01,01,1994,01,F,35,11,2,02,1,000000000010058
1999,01,1,16,2,02,34,02,4,3,1,03,02,06,1995,01,U,24,11,1,UU,1,000000000010058
1999,01,1,12,2,02,34,02,1,2,1,18,01,01,1992,01,M,51,11,2,02,1,000000000010110
1999,01,1,12,2,02,34,02,1,2,1,18,02,01,1989,01,U,48,11,1,UU,1,000000000010110
1999,01,1,09,2,02,34,02,1,5,2,18,01,06,1984,01,M,55,11,2,02,1,000000000010171
1999,01,1,09,2,02,34,02,1,5,2,18,02,01,1986,01,M,60,11,2,02,1,000000000010171
1999,01,1,15,2,02,33,02,1,3,1,18,01,06,1997,01,U,41,11,1,UU,1,000000000010238
1999,01,1,15,2,02,33,02,1,3,1,18,02,01,1987,01,M,33,11,2,02,1,000000000010238
1999,01,1,15,2,02,33,02,1,3,1,18,02,01,1987,02,F,13,13,2,02,2,000000000010238
1999,01,1,17,2,01,03,UU,4,3,2,18,01,01,1987,01,F,57,11,2,02,1,000000000010245
1999,01,1,15,2,01,01,02,1,3,1,18,01,01,1985,01,U,24,11,1,UU,1,000000000010267
1999,01,1,15,2,01,01,02,1,3,1,18,99,NN,NNNN,01,M,07,99,2,NN,3,000000000010267
1999,01,1,08,2,02,21,02,1,5,1,18,01,11,1996,01,U,51,11,1,UU,1,000000000010906
1999,01,1,08,2,02,21,02,1,5,1,18,02,01,1994,01,U,36,11,1,UU,1,000000000010906
1999,01,1,08,2,02,21,02,1,5,1,18,02,01,1994,02,F,18,23,2,01,2,000000000010906
1999,01,1,12,2,02,35,02,4,3,1,03,01,01,1998,01,F,28,11,2,02,1,000000000011338
1999,01,1,12,2,02,35,02,4,3,1,03,02,01,1994,01,M,31,11,U,UU,1,000000000011338
1999,01,1,09,2,02,34,QQ,4,5,1,18,01,01,1990,01,M,22,11,1,02,1,000000000011339
1999,01,1,09,2,02,34,QQ,4,5,1,18,02,01,1997,01,M,25,11,2,02,1,000000000011339
1999,01,1,13,2,02,31,01,1,3,1,18,01,01,1999,01,M,64,11,U,UU,1,000000000011404
1999,01,1,13,2,02,31,01,1,3,1,18,01,01,1999,02,U,UU,13,1,02,2,000000000011404
1999,01,1,13,2,02,31,01,1,3,1,18,02,01,1996,01,M,71,11,2,01,1,000000000011404
1999,01,1,13,2,02,31,01,1,3,1,18,02,01,1996,02,M,41,23,2,01,2,000000000011404
1999,01,1,18,2,02,33,02,3,2,1,01,01,01,1990,01,M,23,11,2,02,1,000000000011405
1999,01,1,18,2,02,33,02,3,2,1,01,02,01,1999,01,M,44,11,U,UU,1,000000000011405
1999,01,1,17,2,01,02,02,1,3,1,01,01,01,1991,01,F,18,11,2,02,1,000000000011569
1999,01,1,23,2,01,01,01,1,1,1,18,01,01,1990,01,M,53,11,U,UU,1,000000000011572
1999,01,1,23,2,01,01,01,1,1,1,18,99,NN,NNNN,01,F,17,99,2,UU,3,000000000011572
1999,01,1,09,2,02,35,02,1,3,1,01,01,01,1995,01,F,44,11,1,02,1,000000000011755
1999,01,1,09,2,02,35,02,1,3,1,01,02,01,1990,01,F,61,11,2,02,1,000000000011755
1999,01,1,09,2,02,35,02,1,3,1,01,02,01,1990,02,F,65,13,2,02,2,000000000011755
1999,01,1,13,2,01,01,01,2,3,1,18,01,01,1988,01,M,18,11,1,02,1,000000000011899
1999,01,1,13,2,01,01,01,2,3,1,18,99,NN,NNNN,01,M,38,99,2,UU,3,000000000011899
1999,01,1,05,2,02,35,01,1,2,1,18,01,01,1991,01,M,75,11,2,02,1,000000000012049
1999,01,1,05,2,02,35,01,1,2,1,18,02,08,1999,01,M,37,11,1,02,1,000000000012049
1999,01,1,12,2,02,41,QQ,1,3,3,18,01,07,1985,01,M,30,11,U,UU,1,000000000012137
1999,01,1,12,2,02,41,QQ,1,3,3,18,02,01,1992,01,M,47,11,U,UU,1,000000000012137
1999,01,1,12,2,02,41,QQ,1,3,3,18,02,01,1992,02,F,64,23,2,01,2,000000000012137
1999,01,1,09,2,02,33,02,1,1,1,01,01,01,1997,01,M,48,11,U,UU,1,000000000012138
1999,01,1,09,2,02,33,02,1,1,1,01,02,01,1989,01,M,79,11,2,02,1,000000000012138
1999,01,1,17,2,01,02,01,1,3,3,18,01,01,1995,01,F,25,11,2,02,1,000000000012201
1999,01,1,15,1,01,01,02,3,2,1,01,01,01,1990,01,M,46,11,U,UU,1,000000000012209
1999,01,1,15,1,01,01,02,3,2,1,01,99,NN,NNNN,01,F,UU,99,3,UU,3,000000000012209
1999,01,1,06,2,02,33,02,1,1,1,01,01,01,1990,01,F,38,11,2,02,1,000000000012212
1999,01,1,06,2,02,33,02,1,1,1,01,01,01,1990,02,M,32,12,2,02,2,000000000012212
1999,01,1,06,2,02,33,02,1,1,1,01,02,01,1997,01,F,62,11,2,02,1,000000000012212
1999,01,1,12,2,01,01,02,1,1,1,01,01,01,1994,01,F,52,11,U,UU,1,000000000012213
1999,01,1,12,2,01,01,02,1,1,1,01,99,NN,NNNN,01,F,70,99,2,UU,3,000000000012213
1999,01,1,07,2,02,35,02,4,3,1,18,01,20,1977,01,M,49,11,U,UU,U,000000000012389
1999,01,1,07,2,02,35,02,4,3,1,18,02,01,1988,01,M,85,11,2,02,1,000000000012389
1999,01,1,20,2,03,35,01,1,3,1,18,01,01,1997,01,M,42,11,U,UU,1,000000000012392
1999,01,1,20,2,03,35,01,1,3,1,18,02,01,1989,01,M,60,11,2,01,1,000000000012392
1999,01,1,20,2,03,35,01,1,3,1,18,03,UU,1996,01,U,UU,11,U,UU,U,000000000012392
1999,01,1,17,2,01,01,02,3,2,1,01,01,01,1985,01,F,21,11,2,02,1,000000000012395
1999,01,1,17,2,01,01,02,3,2,1,01,99,NN,NNNN,01,F,54,99,2,UU,3,000000000012395
1999,01,1,15,2,02,41,02,1,3,1,18,01,01,1998,01,M,17,11,U,UU,1,000000000012506
1999,01,1,15,2,02,41,02,1,3,1,18,02,01,1996,01,F,51,11,2,NN,1,000000000012506
1999,01,1,15,2,01,01,02,2,2,1,18,01,01,1990,01,M,55,11,1,02,1,000000000012508
1999,01,1,15,2,01,01,02,2,2,1,18,99,NN,NNNN,01,M,67,99,2,UU,3,000000000012508
1999,01,1,09,2,01,02,01,1,3,1,18,01,20,1978,01,M,32,11,2,UU,U,000000000012604
1999,01,1,03,2,01,02,01,1,5,3,18,01,01,1995,01,M,32,11,2,02,1,000000000012931
1999,01,1,12,2,01,06,QQ,1,5,2,18,01,07,1996,01,M,35,11,2,01,1,000000000013262
1999,01,1,15,2,02,UU,UU,U,U,U,UU,01,UU,1990,01,M,21,11,U,UU,U,000000000013513
1999,01,1,15,2,02,UU,UU,U,U,U,UU,02,17,NNNN,01,M,25,11,2,13,4,000000000013513
1999,01,1,15,2,02,23,02,1,3,1,01,01,01,1990,01,M,35,11,2,02,1,000000000013771
1999,01,1,15,2,02,23,02,1,3,1,01,02,06,1997,01,M,36,11,U,UU,1,000000000013771
1999,01,1,03,2,02,UU,02,2,3,1,01,01,01,1990,01,M,40,11,1,01,1,000000000014026
1999,01,1,03,2,02,UU,02,2,3,1,01,01,01,1990,02,F,38,23,2,01,2,000000000014026
1999,01,1,03,2,02,UU,02,2,3,1,01,02,01,1989,01,M,36,11,1,01,1,000000000014026
1999,01,1,21,2,02,31,02,1,3,1,01,01,06,1987,01,F,35,11,2,02,1,000000000014027
1999,01,1,21,2,02,31,02,1,3,1,01,01,06,1987,02,F,49,13,2,02,2,000000000014027
1999,01,1,21,2,02,31,02,1,3,1,01,01,06,1987,03,M,36,23,2,02,2,000000000014027
1999,01,1,21,2,02,31,02,1,3,1,01,02,01,1991,01,M,51,11,2,02,1,000000000014027
1999,01,1,13,2,01,01,01,3,2,1,01,01,06,1998,01,M,41,11,1,02,1,000000000014268
1999,01,1,13,2,01,01,01,3,2,1,01,99,NN,NNNN,01,M,93,99,2,UU,3,000000000014268
1999,01,1,16,2,02,33,02,3,2,1,18,01,01,1989,01,M,19,11,2,02,1,000000000014269
1999,01,1,16,2,02,33,02,3,2,1,18,02,06,1997,01,M,40,11,U,UU,1,000000000014269
1999,01,1,20,2,02,UU,02,2,2,1,01,01,07,1987,01,M,20,11,2,02,1,000000000014401
1999,01,1,20,2,02,UU,02,2,2,1,01,02,01,1987,01,M,29,11,U,UU,1,000000000014401
1999,01,1,14,2,03,21,01,1,2,2,18,01,01,1991,01,F,29,11,1,02,1,000000000014402
1999,01,1,14,2,03,21,01,1,2,2,18,02,01,1986,01,M,61,11,1,UU,1,000000000014402
1999,01,1,14,2,03,21,01,1,2,2,18,02,01,1986,02,M,92,12,2,01,2,000000000014402
1999,01,1,14,2,03,21,01,1,2,2,18,02,01,1986,03,U,UU,13,1,01,2,000000000014402
1999,01,1,14,2,03,21,01,1,2,2,18,03,01,1996,01,M,57,11,1,02,1,000000000014402
1999,01,1,10,2,01,01,02,1,3,1,01,01,01,1990,01,M,60,11,U,UU,1,000000000014542
1999,01,1,10,2,01,01,02,1,3,1,01,99,NN,NNNN,01,M,56,99,2,UU,3,000000000014542
1999,01,1,12,2,04,35,02,1,3,1,01,01,01,1985,01,M,86,11,1,02,1,000000000014543
1999,01,1,12,2,04,35,02,1,3,1,01,02,01,1992,01,M,44,11,2,02,1,000000000014543
1999,01,1,12,2,04,35,02,1,3,1,01,03,06,1998,01,M,55,11,1,02,1,000000000014543
1999,01,1,12,2,04,35,02,1,3,1,01,04,01,1985,01,M,37,11,2,02,1,000000000014543
1999,01,1,16,2,02,21,01,1,3,2,01,01,01,1997,01,M,44,11,1,02,1,000000000014544
1999,01,1,16,2,02,21,01,1,3,2,01,02,01,1997,01,F,68,11,2,02,1,000000000014544
1999,01,1,08,2,01,01,01,1,3,1,01,01,01,1990,01,M,52,11,2,02,1,000000000014653
1999,01,1,08,2,01,01,01,1,3,1,01,99,NN,NNNN,01,F,50,99,2,UU,3,000000000014653
1999,01,1,16,2,02,21,QQ,2,3,1,18,01,20,1985,01,M,38,11,U,UU,U,000000000014654
1999,01,1,16,2,02,21,QQ,2,3,1,18,02,01,1988,01,M,31,11,2,01,1,000000000014654
1999,01,1,14,2,01,01,02,1,2,1,01,01,01,1995,01,M,69,11,U,UU,1,000000000014824
1999,01,1,14,2,01,01,02,1,2,1,01,99,NN,NNNN,01,F,02,99,2,UU,3,000000000014824
1999,01,1,14,2,01,01,02,1,2,1,01,99,NN,NNNN,02,F,34,99,2,UU,3,000000000014824
1999,01,1,17,2,04,32,02,3,2,1,01,01,01,1988,01,M,36,11,1,02,1,000000000015259
1999,01,1,17,2,04,32,02,3,2,1,01,02,01,1997,01,F,31,11,2,02,1,000000000015259
1999,01,1,17,2,04,32,02,3,2,1,01,03,01,1990,01,U,UU,11,U,UU,1,000000000015259
1999,01,1,17,2,04,32,02,3,2,1,01,04,QQ,1995,01,M,25,11,2,02,U,000000000015259
1999,01,1,17,2,04,32,02,3,2,1,01,04,QQ,1995,02,M,26,13,2,02,U,000000000015259
1999,01,1,14,2,02,33,02,1,1,1,01,01,01,1998,01,F,21,11,2,02,1,000000000015263
1999,01,1,14,2,02,33,02,1,1,1,01,02,01,1989,01,M,19,11,U,UU,1,000000000015263
1999,01,1,22,1,01,02,01,1,1,1,18,01,01,1991,01,M,74,11,3,02,1,000000000015264
1999,01,1,10,2,03,35,02,1,3,1,01,01,01,1990,01,M,37,11,2,02,1,000000000015391
1999,01,1,10,2,03,35,02,1,3,1,01,02,06,1998,01,M,42,11,U,UU,1,000000000015391
1999,01,1,10,2,03,35,02,1,3,1,01,03,06,1988,01,U,UU,11,U,UU,1,000000000015391
1999,01,1,08,2,02,33,02,1,3,1,01,01,06,1998,01,M,20,11,U,UU,1,000000000015602
1999,01,1,08,2,02,33,02,1,3,1,01,02,01,1989,01,M,37,11,U,UU,1,000000000015602
1999,01,1,08,2,02,33,02,1,3,1,01,02,01,1989,02,F,34,23,2,02,2,000000000015602
1999,01,1,15,2,01,01,02,1,3,1,01,01,01,1987,01,F,31,11,U,UU,1,000000000015801
1999,01,1,15,2,01,01,02,1,3,1,01,99,NN,NNNN,01,M,72,99,2,UU,3,000000000015801
1999,01,1,10,2,02,35,02,1,1,1,03,01,01,1995,01,M,28,11,2,02,1,000000000015804
1999,01,1,10,2,02,35,02,1,1,1,03,02,01,1990,01,F,25,11,1,02,1,000000000015804
1999,01,1,10,2,02,35,02,1,1,1,03,02,01,1990,02,U,UU,13,1,02,2,000000000015804
1999,01,1,UU,2,03,21,02,1,1,1,01,01,01,1992,01,F,28,11,U,UU,1,000000000015888
1999,01,1,UU,2,03,21,02,1,1,1,01,02,01,1992,01,F,47,11,U,UU,1,000000000015888
1999,01,1,UU,2,03,21,02,1,1,1,01,02,01,1992,02,F,22,13,2,02,2,000000000015888
1999,01,1,UU,2,03,21,02,1,1,1,01,03,01,1987,01,F,33,11,U,UU,1,000000000015888
1999,01,1,17,2,01,01,02,1,1,1,18,01,01,1995,01,F,42,11,U,UU,1,000000000015889
1999,01,1,17,2,01,01,02,1,1,1,18,99,NN,NNNN,01,F,21,99,2,UU,3,000000000015889
1999,01,1,22,2,02,UU,02,1,3,1,01,01,01,1987,01,M,43,11,2,02,1,000000000016026
1999,01,1,22,2,02,UU,02,1,3,1,01,02,07,1978,01,M,29,11,U,UU,1,000000000016026
1999,01,1,15,2,01,01,02,1,3,1,18,01,01,1990,01,M,18,11,1,02,1,000000000016032
1999,01,1,15,2,01,01,02,1,3,1,18,99,NN,NNNN,01,F,11,99,2,UU,3,000000000016032
1999,01,1,11,2,02,35,02,1,3,2,03,01,06,1985,01,M,33,11,2,02,1,000000000016378
1999,01,1,11,2,02,35,02,1,3,2,03,02,01,1993,01,F,59,11,2,02,1,000000000016378
1999,01,1,09,2,02,21,UU,U,U,U,UU,01,UU,1998,01,M,38,11,2,02,U,000000000016382
1999,01,1,09,2,02,21,UU,U,U,U,UU,02,UU,1968,01,M,33,11,1,02,U,000000000016382
1999,01,1,14,2,02,21,02,1,3,1,18,01,11,1995,01,M,44,11,1,02,1,000000000016541
1999,01,1,14,2,02,21,02,1,3,1,18,02,01,1998,01,M,48,11,2,02,1,000000000016541
1999,01,1,17,2,02,33,02,3,2,1,01,01,01,1990,01,M,35,11,2,02,1,000000000016546
1999,01,1,17,2,02,33,02,3,2,1,01,02,01,1994,01,F,44,11,U,UU,1,000000000016546
1999,01,1,17,2,02,UU,02,1,3,1,18,01,01,1994,01,F,35,11,2,02,1,000000000016710
1999,01,1,17,2,02,UU,02,1,3,1,18,01,01,1994,02,F,09,13,2,02,2,000000000016710
1999,01,1,17,2,02,UU,02,1,3,1,18,02,01,1991,01,M,31,11,U,UU,1,000000000016710
1999,01,1,18,2,01,02,01,1,1,1,18,01,01,1990,01,F,34,11,2,02,1,000000000016712
1999,01,1,05,2,02,21,02,4,3,1,01,01,01,1987,01,F,23,11,2,02,1,000000000016836
1999,01,1,05,2,02,21,02,4,3,1,01,01,01,1987,02,F,23,13,2,02,2,000000000016836
1999,01,1,05,2,02,21,02,4,3,1,01,02,06,1992,01,M,55,11,1,02,1,000000000016836
1999,01,1,10,2,01,01,UU,2,3,1,18,01,01,UUUU,01,U,UU,11,U,UU,1,000000000016842
1999,01,1,10,2,01,01,UU,2,3,1,18,99,NN,NNNN,01,F,29,99,2,UU,3,000000000016842
1999,01,1,16,2,01,01,01,1,3,1,18,01,01,1986,01,M,71,11,1,02,1,000000000017022
1999,01,1,16,2,01,01,01,1,3,1,18,99,NN,NNNN,01,M,66,99,2,UU,3,000000000017022
1999,01,1,10,2,02,21,02,1,3,1,01,01,07,1995,01,M,37,11,1,02,1,000000000017024
1999,01,1,10,2,02,21,02,1,3,1,01,02,01,1994,01,F,51,11,2,02,1,000000000017024
1999,01,1,12,2,02,33,02,1,1,1,01,01,01,1989,01,M,19,11,1,02,1,000000000017028
1999,01,1,12,2,02,33,02,1,1,1,01,02,01,1984,01,F,43,11,2,02,1,000000000017028
1999,01,1,12,2,02,33,02,1,1,1,01,02,01,1984,02,U,UU,13,1,02,2,000000000017028
1999,01,1,22,2,02,21,02,1,U,1,01,01,01,UUUU,01,U,UU,11,U,UU,1,000000000017196
1999,01,1,22,2,02,21,02,1,U,1,01,02,01,1993,01,F,44,11,2,02,1,000000000017196
1999,01,1,09,2,01,01,UU,1,3,U,UU,01,01,1994,01,M,56,11,U,UU,1,000000000017198
1999,01,1,09,2,01,01,UU,1,3,U,UU,99,NN,NNNN,01,M,43,99,2,UU,3,000000000017198
1999,01,1,09,2,02,35,02,1,1,1,01,01,01,1998,01,F,29,11,U,UU,1,000000000017202
1999,01,1,09,2,02,35,02,1,1,1,01,02,01,1998,01,M,52,11,2,02,1,000000000017202
1999,01,1,07,2,02,21,01,1,2,1,18,01,01,1988,01,F,33,11,2,02,1,000000000017457
1999,01,1,07,2,02,21,01,1,2,1,18,02,01,1989,01,F,19,11,2,02,1,000000000017457
1999,01,1,07,2,02,21,01,1,2,1,18,02,01,1989,02,M,19,13,2,02,2,000000000017457
1999,01,1,08,2,02,33,02,3,3,1,18,01,06,1990,01,M,35,11,1,02,1,000000000017601
1999,01,1,08,2,02,33,02,3,3,1,18,01,06,1990,02,U,UU,13,1,02,2,000000000017601
1999,01,1,08,2,02,33,02,3,3,1,18,01,06,1990,03,M,31,22,2,02,2,000000000017601
1999,01,1,08,2,02,33,02,3,3,1,18,02,06,1997,01,M,68,11,1,02,1,000000000017601
1999,01,1,22,2,01,01,01,2,3,1,18,01,01,1989,01,M,53,11,U,UU,1,000000000017812
1999,01,1,22,2,01,01,01,2,3,1,18,99,NN,NNNN,01,F,43,99,2,UU,3,000000000017812
1999,01,1,07,2,01,01,02,1,3,1,18,01,11,1981,01,M,44,11,U,UU,1,000000000017946
1999,01,1,07,2,01,01,02,1,3,1,18,99,NN,NNNN,01,F,13,99,2,UU,3,000000000017946
1999,01,1,20,2,02,41,QQ,1,3,2,UU,01,06,1984,01,U,UU,11,U,UU,1,000000000017947
1999,01,1,20,2,02,41,QQ,1,3,2,UU,01,06,1984,02,F,UU,13,2,UU,2,000000000017947
1999,01,1,20,2,02,41,QQ,1,3,2,UU,02,06,1987,01,U,UU,11,U,UU,1,000000000017947
1999,01,1,17,2,01,01,QQ,1,3,1,18,01,01,1991,01,M,35,11,U,UU,1,000000000018146
1999,01,1,17,2,01,01,QQ,1,3,1,18,99,NN,NNNN,01,F,35,99,2,UU,3,000000000018146
1999,01,1,17,2,03,21,02,1,1,1,01,01,01,1997,01,F,42,11,U,UU,1,000000000018153
1999,01,1,17,2,03,21,02,1,1,1,01,02,01,1994,01,M,54,11,U,UU,1,000000000018153
1999,01,1,17,2,03,21,02,1,1,1,01,02,01,1994,02,F,15,12,2,02,2,000000000018153
1999,01,1,17,2,03,21,02,1,1,1,01,03,01,1998,01,F,41,11,2,02,1,000000000018153
1999,01,1,12,2,02,21,01,1,3,1,18,01,01,1994,01,M,44,11,1,02,1,000000000019187
1999,01,1,12,2,02,21,01,1,3,1,18,01,01,1994,02,U,UU,13,1,02,2,000000000019187
1999,01,1,12,2,02,21,01,1,3,1,18,02,01,1985,01,M,34,11,1,02,1,000000000019187
1999,01,1,12,2,02,21,01,1,3,1,18,02,01,1985,02,M,12,21,2,02,2,000000000019187
1999,01,1,12,2,02,21,01,1,3,1,18,02,01,1985,03,U,UU,23,1,02,2,000000000019187
1999,01,1,13,2,02,33,02,2,2,1,18,01,01,1988,01,M,76,11,2,02,1,000000000019188
1999,01,1,13,2,02,33,02,2,2,1,18,02,01,1992,01,F,29,11,2,02,1,000000000019188
1999,01,1,15,2,01,04,01,1,3,2,18,01,01,1993,01,M,76,11,2,02,1,000000000019189
1999,01,1,18,2,02,33,02,1,1,1,01,01,06,1995,01,F,39,11,2,02,1,000000000019190
1999,01,1,18,2,02,33,02,1,1,1,01,02,01,1995,01,M,70,11,1,02,1,000000000019190
1999,01,1,18,2,02,33,02,1,1,1,01,02,01,1995,02,F,73,13,2,02,2,000000000019190
1999,01,1,10,2,01,04,01,1,2,1,18,01,01,1998,01,F,48,11,2,02,1,000000000019208
1999,01,1,14,2,01,01,02,1,2,1,01,01,09,1995,01,F,54,11,1,UU,1,000000000019209
1999,01,1,14,2,01,01,02,1,2,1,01,99,NN,NNNN,01,F,71,99,2,UU,3,000000000019209
1999,01,1,14,2,01,01,02,1,2,1,01,99,NN,NNNN,02,M,59,99,2,UU,3,000000000019209
1999,01,1,15,2,01,01,02,1,3,1,18,01,01,1993,01,F,19,11,1,02,1,000000000019210
1999,01,1,15,2,01,01,02,1,3,1,18,01,01,1993,02,U,UU,13,1,02,2,000000000019210
1999,01,1,15,2,01,01,02,1,3,1,18,01,01,1993,03,U,UU,21,1,02,2,000000000019210
1999,01,1,15,2,01,01,02,1,3,1,18,01,01,1993,04,U,UU,23,1,02,2,000000000019210
1999,01,1,15,2,01,01,02,1,3,1,18,99,NN,NNNN,01,F,46,99,2,UU,3,000000000019210
1999,01,1,17,2,02,33,02,1,5,1,18,01,01,1995,01,M,69,11,2,02,1,000000000019211
1999,01,1,17,2,02,33,02,1,5,1,18,02,06,1994,01,F,34,11,2,02,1,000000000019211
1999,01,1,15,2,02,UU,01,3,5,1,18,01,06,1999,01,U,UU,11,U,UU,1,000000000019231
1999,01,1,15,2,02,UU,01,3,5,1,18,02,01,1993,01,M,34,11,2,02,1,000000000019231
1999,01,1,17,2,01,06,02,1,3,1,01,01,01,1999,01,M,76,11,2,02,1,000000000019239
1999,01,1,15,2,02,33,02,6,3,1,18,01,20,1998,01,M,20,11,1,02,U,000000000019807
1999,01,1,15,2,02,33,02,6,3,1,18,02,01,1989,01,F,30,11,2,02,1,000000000019807
1999,01,1,15,2,02,33,02,6,3,1,18,02,01,1989,02,M,04,13,2,02,2,000000000019807
1999,01,1,15,2,02,33,02,6,3,1,18,02,01,1989,03,F,59,21,2,02,2,000000000019807
1999,01,1,18,2,02,35,02,1,2,1,01,01,01,1989,01,M,27,11,1,02,1,000000000019957
1999,01,1,18,2,02,35,02,1,2,1,01,02,01,1992,01,F,26,11,2,02,1,000000000019957
1999,01,1,01,2,01,04,01,2,5,4,18,01,06,1998,01,M,20,11,2,02,1,000000000019970
1999,01,1,01,2,01,04,01,2,5,4,18,01,06,1998,02,M,39,13,2,02,2,000000000019970
1999,01,1,01,2,01,04,01,2,5,4,18,01,06,1998,03,M,26,21,2,02,2,000000000019970
1999,01,1,11,2,02,35,01,2,3,1,18,01,07,1996,01,M,35,11,2,02,1,000000000020286
1999,01,1,11,2,02,35,01,2,3,1,18,02,01,1988,01,M,69,11,1,02,1,000000000020286
1999,01,1,20,2,02,33,UU,2,3,U,UU,01,01,1987,01,M,52,11,2,02,1,000000000020414
1999,01,1,20,2,02,33,UU,2,3,U,UU,02,07,1978,01,M,38,11,U,UU,1,000000000020414
1999,01,1,12,2,02,33,01,1,3,1,18,01,01,1995,01,M,48,11,2,02,1,000000000020571
1999,01,1,12,2,02,33,01,1,3,1,18,02,01,1987,01,M,25,11,2,02,1,000000000020571
1999,01,1,07,2,02,35,01,6,2,1,18,01,06,1985,01,F,47,11,2,02,1,000000000020702
1999,01,1,07,2,02,35,01,6,2,1,18,02,01,1997,01,M,39,11,2,02,1,000000000020702
1999,01,1,14,2,01,01,02,1,1,1,03,01,09,1998,01,M,54,11,U,UU,1,000000000020705
1999,01,1,14,2,01,01,02,1,1,1,03,99,NN,NNNN,01,F,62,99,2,UU,3,000000000020705
1999,01,1,08,2,02,33,02,1,3,1,18,01,01,1988,01,F,17,11,1,02,1,000000000020921
1999,01,1,08,2,02,33,02,1,3,1,18,01,01,1988,02,U,UU,13,1,02,2,000000000020921
1999,01,1,08,2,02,33,02,1,3,1,18,02,01,1993,01,M,26,11,1,02,1,000000000020921
1999,01,1,08,2,02,33,02,1,3,1,18,02,01,1993,02,F,22,21,2,02,2,000000000020921
1999,01,1,20,2,01,02,01,3,5,1,18,01,01,1989,01,F,17,11,2,02,1,000000000020923
1999,01,1,07,2,02,35,02,1,5,1,01,01,01,1993,01,M,58,11,U,UU,1,000000000021293
1999,01,1,07,2,02,35,02,1,5,1,01,02,01,1991,01,F,54,11,2,02,1,000000000021293
1999,01,1,14,2,02,35,02,1,1,1,18,01,06,1990,01,M,58,11,U,UU,1,000000000021388
1999,01,1,14,2,02,35,02,1,1,1,18,02,01,1989,01,F,44,11,U,UU,1,000000000021388
1999,01,1,14,2,02,35,02,1,1,1,18,02,01,1989,02,F,04,23,2,02,2,000000000021388
1999,01,1,17,2,02,34,02,3,5,2,01,01,06,1999,01,M,31,11,1,02,1,000000000021419
1999,01,1,17,2,02,34,02,3,5,2,01,02,01,1990,01,M,19,11,2,02,1,000000000021419
1999,01,1,16,2,02,33,02,3,3,1,01,01,01,1987,01,F,22,11,2,02,1,000000000021572
1999,01,1,16,2,02,33,02,3,3,1,01,01,01,1987,02,F,41,13,2,02,2,000000000021572
1999,01,1,16,2,02,33,02,3,3,1,01,02,01,1994,01,F,44,11,1,02,1,000000000021572
1999,01,1,14,2,02,35,02,1,3,1,03,01,07,1996,01,M,40,11,U,UU,1,000000000021626
1999,01,1,14,2,02,35,02,1,3,1,03,02,06,1989,01,M,37,11,1,UU,1,000000000021626
1999,01,1,14,2,02,35,02,1,3,1,03,02,06,1989,02,F,43,13,2,UU,2,000000000021626
1999,01,1,14,2,02,35,02,1,3,1,03,02,06,1989,03,M,76,21,2,UU,2,000000000021626
1999,01,1,14,2,02,35,02,1,3,1,03,02,06,1989,04,F,78,22,2,UU,2,000000000021626
1999,01,1,14,2,02,35,02,1,3,1,03,02,06,1989,05,M,41,23,2,UU,2,000000000021626
1999,01,1,11,2,02,35,02,3,2,1,18,01,06,1991,01,F,41,11,2,02,1,000000000021629
1999,01,1,11,2,02,35,02,3,2,1,18,02,01,1981,01,M,66,11,2,02,1,000000000021629
1999,01,1,08,2,03,21,02,1,3,1,18,01,01,1991,01,M,19,11,U,UU,1,000000000021788
1999,01,1,08,2,03,21,02,1,3,1,18,02,06,1990,01,M,34,11,2,02,1,000000000021788
1999,01,1,08,2,03,21,02,1,3,1,18,03,01,1990,01,F,34,11,2,02,1,000000000021788
1999,01,1,13,2,02,35,01,5,3,1,18,01,01,1990,01,F,21,11,1,02,1,000000000021852
1999,01,1,13,2,02,35,01,5,3,1,18,02,01,1996,01,F,41,11,1,02,1,000000000021852
1999,01,1,13,2,02,35,01,5,3,1,18,02,01,1996,02,F,45,13,2,02,2,000000000021852
1999,01,1,16,2,07,UU,01,3,5,2,18,01,01,1990,01,M,50,11,1,02,1,000000000021853
1999,01,1,16,2,07,UU,01,3,5,2,18,01,01,1990,02,U,UU,13,1,02,2,000000000021853
1999,01,1,16,2,07,UU,01,3,5,2,18,02,01,1989,01,F,19,11,1,02,1,000000000021853
1999,01,1,16,2,07,UU,01,3,5,2,18,02,01,1989,02,U,UU,13,1,02,2,000000000021853
1999,01,1,16,2,07,UU,01,3,5,2,18,03,01,1999,01,F,26,11,1,02,1,000000000021853
1999,01,1,16,2,07,UU,01,3,5,2,18,04,01,1993,01,F,39,11,1,02,1,000000000021853
1999,01,1,16,2,07,UU,01,3,5,2,18,04,01,1993,02,U,UU,13,1,02,2,000000000021853
1999,01,1,16,2,07,UU,01,3,5,2,18,05,01,1990,01,M,27,11,1,02,1,000000000021853
1999,01,1,16,2,07,UU,01,3,5,2,18,06,01,1987,01,F,47,11,1,02,1,000000000021853
1999,01,1,16,2,07,UU,01,3,5,2,18,07,01,1990,01,M,17,11,1,02,1,000000000021853
1999,01,1,16,2,07,UU,01,3,5,2,18,99,NN,NNNN,01,F,27,99,2,UU,3,000000000021853
1999,01,1,15,2,02,21,01,1,1,1,18,01,01,1989,01,F,35,11,2,02,1,000000000021855
1999,01,1,15,2,02,21,01,1,1,1,18,01,01,1989,02,F,29,13,2,02,2,000000000021855
1999,01,1,15,2,02,21,01,1,1,1,18,02,01,1990,01,F,51,11,1,02,1,000000000021855
1999,01,1,12,2,01,06,QQ,7,3,1,18,01,06,1987,01,M,34,11,2,02,1,000000000022123
1999,01,1,18,2,02,21,01,1,1,1,18,01,01,1993,01,M,22,11,2,02,1,000000000022136
1999,01,1,18,2,02,21,01,1,1,1,18,02,01,1986,01,U,UU,11,U,UU,1,000000000022136
1999,01,1,13,2,03,21,02,1,3,3,04,01,01,1997,01,M,19,11,U,UU,1,000000000022656
1999,01,1,13,2,03,21,02,1,3,3,04,02,06,1997,01,F,42,11,2,02,1,000000000022656
1999,01,1,13,2,03,21,02,1,3,3,04,03,01,1988,01,F,27,11,U,UU,1,000000000022656
1999,01,1,02,2,01,01,02,4,5,1,18,01,QQ,1979,01,M,46,11,U,UU,U,000000000022974
1999,01,1,02,2,01,01,02,4,5,1,18,99,NN,NNNN,01,M,24,99,2,UU,3,000000000022974
1999,01,1,07,2,02,33,02,2,3,1,18,01,01,1992,01,F,54,11,2,02,1,000000000022976
1999,01,1,07,2,02,33,02,2,3,1,18,02,01,1988,01,M,51,11,2,UU,1,000000000022976
1999,01,1,15,2,02,35,02,1,2,1,03,01,01,1995,01,M,80,11,2,02,1,000000000023272
1999,01,1,15,2,02,35,02,1,2,1,03,02,01,1990,01,M,19,11,2,02,1,000000000023272
1999,01,1,15,2,02,35,02,1,2,1,03,02,01,1990,02,M,19,13,2,02,2,000000000023272
1999,01,1,15,2,02,35,02,1,2,1,03,02,01,1990,03,M,19,21,2,02,2,000000000023272
1999,01,1,21,2,01,04,01,2,3,1,18,01,01,1991,01,F,19,11,2,02,1,000000000023334
1999,01,1,21,2,01,04,01,2,3,1,18,01,01,1991,02,F,18,13,2,02,2,000000000023334
1999,01,1,21,2,01,04,01,2,3,1,18,01,01,1991,03,F,18,23,2,02,2,000000000023334
1999,01,1,09,2,01,03,01,3,5,2,18,01,06,1993,01,M,39,11,U,UU,1,000000000023337
1999,01,1,09,2,01,03,01,3,5,2,18,01,06,1993,02,F,52,13,2,02,2,000000000023337
1999,01,1,17,2,02,31,01,4,3,1,18,01,01,1995,01,M,23,11,2,02,1,000000000023417
1999,01,1,17,2,02,31,01,4,3,1,18,02,20,1991,01,M,53,11,1,02,U,000000000023417
1999,01,1,17,2,02,35,02,2,3,1,01,01,QQ,1976,01,M,31,11,1,01,U,000000000023418
1999,01,1,17,2,02,35,02,2,3,1,01,02,01,1991,01,F,22,11,2,02,1,000000000023418
1999,01,1,09,2,03,35,02,1,2,1,01,01,06,1988,01,M,20,11,U,UU,1,000000000023437
1999,01,1,09,2,03,35,02,1,2,1,01,02,01,1993,01,M,62,11,U,UU,1,000000000023437
1999,01,1,09,2,03,35,02,1,2,1,01,03,01,1998,01,M,68,11,2,02,1,000000000023437
1999,01,1,16,2,02,23,01,1,3,1,18,01,01,1991,01,M,51,11,1,02,1,000000000023438
1999,01,1,16,2,02,23,01,1,3,1,18,02,01,1990,01,F,29,11,2,02,1,000000000023438
1999,01,1,20,2,02,33,02,1,2,2,01,01,01,1997,01,M,22,11,2,02,1,000000000023439
1999,01,1,20,2,02,33,02,1,2,2,01,02,01,1998,01,M,33,11,2,02,1,000000000023439
1999,01,1,10,2,02,36,01,3,2,2,18,01,01,1990,01,F,42,11,2,02,1,000000000023451
1999,01,1,10,2,02,36,01,3,2,2,18,01,01,1990,02,F,45,13,2,02,2,000000000023451
1999,01,1,10,2,02,36,01,3,2,2,18,02,01,1989,01,M,29,11,1,02,1,000000000023451
1999,01,1,15,2,02,31,01,4,5,3,18,01,01,1996,01,M,48,11,2,02,1,000000000024127
1999,01,1,15,2,02,31,01,4,5,3,18,01,01,1996,02,F,21,13,2,02,2,000000000024127
1999,01,1,15,2,02,31,01,4,5,3,18,01,01,1996,03,F,17,23,2,02,2,000000000024127
1999,01,1,15,2,02,31,01,4,5,3,18,02,06,1998,01,F,39,11,2,UU,1,000000000024127
1999,01,1,00,2,01,01,01,6,3,2,18,01,01,UUUU,01,U,UU,11,U,UU,1,000000000024135
1999,01,1,00,2,01,01,01,6,3,2,18,99,NN,NNNN,01,M,38,99,2,UU,3,000000000024135
1999,01,1,06,2,03,21,01,1,3,1,18,01,01,1985,01,M,20,11,1,02,1,000000000024286
1999,01,1,06,2,03,21,01,1,3,1,18,02,01,1994,01,M,46,11,2,02,1,000000000024286
1999,01,1,06,2,03,21,01,1,3,1,18,02,01,1994,02,U,UU,13,1,02,2,000000000024286
1999,01,1,06,2,03,21,01,1,3,1,18,03,06,1987,01,M,42,11,1,02,1,000000000024286
1999,01,1,09,2,02,36,02,1,3,1,01,01,01,1994,01,F,23,11,2,02,1,000000000024287
1999,01,1,09,2,02,36,02,1,3,1,01,02,01,1991,01,M,41,11,1,02,1,000000000024287
1999,01,1,12,2,02,36,02,1,3,2,18,01,01,1991,01,F,19,11,2,02,1,000000000024288
1999,01,1,12,2,02,36,02,1,3,2,18,02,01,1990,01,M,35,11,1,02,1,000000000024288
1999,01,1,12,2,02,36,02,1,3,2,18,02,01,1990,02,F,35,13,2,02,2,000000000024288
1999,01,1,15,2,02,36,01,3,2,2,18,01,01,1987,01,M,68,11,1,02,1,000000000024298
1999,01,1,15,2,02,36,01,3,2,2,18,02,01,1997,01,F,78,11,2,02,1,000000000024298
1999,01,1,14,2,02,21,01,1,1,1,18,01,01,1993,01,M,17,11,2,02,1,000000000024303
1999,01,1,14,2,02,21,01,1,1,1,18,02,01,1991,01,M,18,11,1,02,1,000000000024303
1999,01,1,20,2,02,21,01,2,3,1,18,01,01,1998,01,F,34,11,1,02,1,000000000024304
1999,01,1,20,2,02,21,01,2,3,1,18,02,01,1998,01,F,55,11,2,02,1,000000000024304
1999,01,1,20,2,01,01,02,2,3,1,01,01,01,1989,01,F,18,11,U,UU,1,000000000024633
1999,01,1,20,2,01,01,02,2,3,1,01,99,NN,NNNN,01,M,46,99,2,UU,3,000000000024633
1999,01,1,23,2,01,02,01,1,1,1,18,01,06,1993,01,M,54,11,2,02,1,000000000025001
1999,01,1,17,2,01,01,02,1,3,1,03,01,01,UUUU,01,U,UU,11,U,UU,1,000000000025004
1999,01,1,17,2,01,01,02,1,3,1,03,99,NN,NNNN,01,F,44,99,2,UU,3,000000000025004
1999,01,1,01,2,02,21,02,2,5,1,18,01,01,1989,01,M,20,11,2,02,1,000000000025008
1999,01,1,01,2,02,21,02,2,5,1,18,02,07,1987,01,M,40,11,1,02,1,000000000025008
1999,01,1,08,2,01,01,01,2,2,1,18,01,06,1984,01,M,48,11,U,UU,1,000000000025009
1999,01,1,08,2,01,01,01,2,2,1,18,99,NN,NNNN,01,F,10,99,2,UU,3,000000000025009
1999,01,1,10,2,02,35,02,2,3,1,01,01,06,1997,01,M,54,11,1,02,1,000000000025450
1999,01,1,10,2,02,35,02,2,3,1,01,02,01,1993,01,M,53,11,2,02,1,000000000025450
1999,01,1,10,2,02,35,02,2,3,1,01,02,01,1993,02,F,49,13,2,02,2,000000000025450
1999,01,1,14,2,02,21,02,2,3,3,03,01,01,1992,01,F,43,11,U,UU,1,000000000025451
1999,01,1,14,2,02,21,02,2,3,3,03,02,01,1997,01,M,52,11,2,02,1,000000000025451
1999,01,1,15,2,02,31,UU,1,3,1,18,01,01,1990,01,M,22,11,U,UU,1,000000000025452
1999,01,1,15,2,02,31,UU,1,3,1,18,02,06,1986,01,M,41,11,2,02,1,000000000025452
1999,01,1,11,2,01,01,QQ,2,5,1,18,01,07,1986,01,M,50,11,U,UU,1,000000000025464
1999,01,1,11,2,01,01,QQ,2,5,1,18,99,NN,NNNN,01,F,78,99,2,UU,3,000000000025464
1999,01,1,15,2,01,01,02,3,2,1,01,01,UU,UUUU,01,U,UU,11,U,UU,U,000000000025465
1999,01,1,15,2,01,01,02,3,2,1,01,99,NN,NNNN,01,F,41,99,2,UU,3,000000000025465
1999,01,1,07,2,01,01,02,1,1,1,18,01,11,1997,01,M,46,11,U,UU,1,000000000025472
1999,01,1,07,2,01,01,02,1,1,1,18,99,NN,NNNN,01,M,59,99,2,UU,3,000000000025472
1999,01,1,16,2,02,33,01,1,1,1,01,01,01,1996,01,F,20,11,2,02,1,000000000025473
1999,01,1,16,2,02,33,01,1,1,1,01,02,01,1998,01,M,36,11,1,02,1,000000000025473
1999,01,1,18,2,02,35,01,2,3,1,18,01,01,1998,01,M,35,11,2,02,1,000000000025928
1999,01,1,18,2,02,35,01,2,3,1,18,02,01,1995,01,M,22,11,2,02,1,000000000025928
1999,01,1,18,2,02,UU,02,1,3,1,01,01,01,1991,01,F,39,11,2,02,1,000000000026003
1999,01,1,18,2,02,UU,02,1,3,1,01,01,01,1991,02,M,41,13,2,02,2,000000000026003
1999,01,1,18,2,02,UU,02,1,3,1,01,02,06,1992,01,F,33,11,2,02,1,000000000026003
1999,01,1,20,2,01,01,02,3,2,1,01,01,06,1994,01,M,50,11,1,02,1,000000000026009
1999,01,1,20,2,01,01,02,3,2,1,01,01,06,1994,02,U,UU,13,1,02,2,000000000026009
1999,01,1,20,2,01,01,02,3,2,1,01,99,NN,NNNN,01,F,15,99,2,UU,3,000000000026009
1999,01,1,13,1,02,31,01,1,5,1,18,01,01,1989,01,M,29,11,2,02,1,000000000026334
1999,01,1,13,1,02,31,01,1,5,1,18,01,01,1989,02,M,59,13,3,UU,2,000000000026334
1999,01,1,13,1,02,31,01,1,5,1,18,01,01,1989,03,F,UU,21,2,UU,2,000000000026334
1999,01,1,13,1,02,31,01,1,5,1,18,02,01,1998,01,F,48,11,2,02,1,000000000026334
1999,01,1,09,2,02,21,01,1,5,2,18,01,01,1992,01,F,35,11,2,UU,1,000000000026498
1999,01,1,09,2,02,21,01,1,5,2,18,02,20,1986,01,M,44,11,U,UU,U,000000000026498
1999,01,1,00,2,01,06,01,2,5,3,18,01,QQ,1997,01,M,33,11,2,01,U,000000000026503
1999,01,1,00,2,01,06,01,2,5,3,18,01,QQ,1997,02,U,UU,13,1,01,U,000000000026503
1999,01,1,17,2,02,21,01,3,2,1,18,01,01,1989,01,F,49,11,2,02,1,000000000026504
1999,01,1,17,2,02,21,01,3,2,1,18,02,01,1993,01,M,31,11,U,UU,1,000000000026504
1999,01,1,08,2,01,01,02,1,2,1,03,01,01,1990,01,M,19,11,U,UU,1,000000000026966
1999,01,1,08,2,01,01,02,1,2,1,03,99,NN,NNNN,01,M,28,99,2,UU,3,000000000026966
1999,01,1,12,2,02,35,02,1,1,1,03,01,01,1991,01,M,21,11,2,02,1,000000000026967
1999,01,1,12,2,02,35,02,1,1,1,03,02,01,1986,01,F,19,11,U,UU,1,000000000026967
1999,01,1,07,1,01,01,02,1,1,1,UU,01,01,1986,01,M,19,11,1,02,1,000000000027256
1999,01,1,07,1,01,01,02,1,1,1,UU,99,NN,NNNN,01,F,05,99,3,UU,3,000000000027256
1999,01,1,07,1,01,01,02,1,1,1,UU,UU,UU,UUUU,01,M,09,11,2,UU,U,000000000027256
1999,01,1,19,2,02,41,QQ,2,3,1,18,01,01,1996,01,U,UU,11,U,UU,1,000000000027448
1999,01,1,19,2,02,41,QQ,2,3,1,18,01,01,1996,02,F,35,23,2,01,2,000000000027448
1999,01,1,19,2,02,41,QQ,2,3,1,18,02,01,1997,01,U,UU,11,U,UU,1,000000000027448
1999,01,1,00,2,02,41,01,1,5,1,18,01,01,1994,01,M,25,11,2,02,1,000000000027455
1999,01,1,00,2,02,41,01,1,5,1,18,01,01,1994,02,U,UU,13,1,02,2,000000000027455
1999,01,1,00,2,02,41,01,1,5,1,18,02,07,1996,01,U,UU,11,U,UU,1,000000000027455
1999,01,1,18,2,02,21,02,1,1,1,UU,01,01,1985,01,M,37,11,2,UU,1,000000000027457
1999,01,1,18,2,02,21,02,1,1,1,UU,02,01,1988,01,F,32,11,U,UU,1,000000000027457
1999,01,1,14,2,02,21,01,1,2,1,18,01,01,1989,01,M,60,11,1,02,1,000000000027659
1999,01,1,14,2,02,21,01,1,2,1,18,01,01,1989,02,F,57,13,2,02,2,000000000027659
1999,01,1,14,2,02,21,01,1,2,1,18,02,01,1998,01,F,22,11,1,02,1,000000000027659
1999,01,1,14,2,02,21,01,1,2,1,18,02,01,1998,02,U,UU,13,1,02,2,000000000027659
1999,01,1,09,2,01,02,01,4,3,1,18,01,01,1990,01,F,43,11,2,02,1,000000000027903
1999,01,1,09,2,01,02,01,4,3,1,18,01,01,1990,02,M,53,13,2,01,2,000000000027903
1999,01,1,20,1,02,35,02,3,2,1,01,01,06,1990,01,M,60,11,3,13,1,000000000027904
1999,01,1,20,1,02,35,02,3,2,1,01,02,08,1988,01,M,35,11,U,UU,1,000000000027904
1999,01,1,13,2,02,21,02,1,5,2,18,01,01,1996,01,M,21,11,1,02,1,000000000028117
1999,01,1,13,2,02,21,02,1,5,2,18,02,01,1991,01,M,46,11,2,02,1,000000000028117
1999,01,1,20,1,02,21,02,1,5,2,18,01,06,1986,01,U,UU,11,U,UU,1,000000000028179
1999,01,1,20,1,02,21,02,1,5,2,18,01,06,1986,02,M,52,QQ,3,UU,U,000000000028179
1999,01,1,20,1,02,21,02,1,5,2,18,02,20,1990,01,U,UU,11,U,UU,U,000000000028179
1999,01,1,20,1,02,21,02,1,5,2,18,99,NN,NNNN,01,M,21,99,2,UU,3,000000000028179
1999,01,1,13,2,01,06,02,2,5,1,03,01,01,1993,01,F,43,11,2,02,1,000000000028180
1999,01,1,11,2,02,35,02,2,3,2,18,01,01,1991,01,M,24,11,2,02,1,000000000028183
1999,01,1,11,2,02,35,02,2,3,2,18,02,20,1988,01,M,29,11,U,UU,U,000000000028183
1999,01,1,08,2,02,33,02,5,3,1,18,01,01,1990,01,F,49,11,U,UU,1,000000000028310
1999,01,1,08,2,02,33,02,5,3,1,18,02,01,1994,01,F,39,11,2,02,1,000000000028310
1999,01,1,12,2,02,35,02,1,5,1,18,01,06,1994,01,F,57,11,U,UU,1,000000000028460
1999,01,1,12,2,02,35,02,1,5,1,18,02,01,1989,01,F,39,11,2,02,1,000000000028460
1999,01,1,14,2,03,21,02,1,3,1,01,01,07,1996,01,M,48,11,U,UU,1,000000000028466
1999,01,1,14,2,03,21,02,1,3,1,01,02,01,1996,01,M,71,11,2,02,1,000000000028466
1999,01,1,14,2,03,21,02,1,3,1,01,03,20,1987,01,M,59,11,2,13,U,000000000028466
1999,01,1,07,2,02,21,01,1,5,1,18,01,01,1993,01,M,28,11,U,UU,1,000000000028473
1999,01,1,07,2,02,21,01,1,5,1,18,02,06,1997,01,M,44,11,2,02,1,000000000028473
1999,01,1,17,2,02,35,02,3,Q,2,18,01,01,1996,01,F,23,11,U,UU,1,000000000028704
1999,01,1,17,2,02,35,02,3,Q,2,18,02,01,1997,01,M,18,11,2,02,1,000000000028704
1999,01,1,17,2,02,35,02,3,Q,2,18,99,NN,NNNN,01,F,18,99,2,UU,3,000000000028704
1999,01,1,12,2,01,01,QQ,1,3,1,18,01,01,1987,01,M,34,11,U,UU,1,000000000029208
1999,01,1,12,2,01,01,QQ,1,3,1,18,99,NN,NNNN,01,F,02,99,2,UU,3,000000000029208
1999,01,1,16,2,02,35,01,3,2,1,18,01,01,1987,01,M,18,11,1,02,1,000000000029291
1999,01,1,16,2,02,35,01,3,2,1,18,02,01,1991,01,M,82,11,1,02,1,000000000029291
1999,01,1,16,2,02,35,01,3,2,1,18,02,01,1991,02,F,78,13,2,02,2,000000000029291
1999,01,1,12,2,02,35,01,1,1,1,03,01,01,1999,01,F,21,11,2,02,1,000000000029383
1999,01,1,12,2,02,35,01,1,1,1,03,02,06,1995,01,M,50,11,1,02,1,000000000029383
1999,01,1,15,2,02,UU,UU,2,5,U,UU,01,01,1996,01,F,44,11,2,UU,1,000000000029418
1999,01,1,15,2,02,UU,UU,2,5,U,UU,02,07,1989,01,M,37,11,2,UU,1,000000000029418
1999,01,1,07,2,02,UU,01,2,3,1,18,01,20,1979,01,M,26,11,1,02,U,000000000029456
1999,01,1,07,2,02,UU,01,2,3,1,18,02,11,1995,01,F,52,11,2,02,1,000000000029456
1999,01,1,11,2,02,21,02,3,5,1,03,01,01,1988,01,F,33,11,U,UU,1,000000000029457
1999,01,1,11,2,02,21,02,3,5,1,03,01,01,1988,02,U,UU,13,1,02,2,000000000029457
1999,01,1,11,2,02,21,02,3,5,1,03,02,01,1991,01,M,19,11,2,02,1,000000000029457
1999,01,1,15,2,02,35,QQ,1,1,1,18,01,01,1995,01,F,56,11,2,UU,1,000000000029462
1999,01,1,15,2,02,35,QQ,1,1,1,18,02,01,1993,01,M,40,11,U,UU,1,000000000029462
1999,01,1,15,2,02,35,QQ,1,1,1,18,02,01,1993,02,F,35,96,2,UU,2,000000000029462
1999,01,1,15,2,02,35,QQ,1,1,1,18,02,01,1993,03,F,13,96,2,UU,2,000000000029462
1999,01,1,14,2,02,33,02,2,3,1,01,01,01,1998,01,M,54,11,2,02,1,000000000029730
1999,01,1,14,2,02,33,02,2,3,1,01,02,01,1989,01,M,19,11,2,02,1,000000000029730
1999,01,1,12,2,02,35,02,3,2,1,03,01,06,1996,01,M,37,11,1,02,1,000000000029831
1999,01,1,12,2,02,35,02,3,2,1,03,02,01,1994,01,F,43,11,2,02,1,000000000029831
1999,01,1,12,2,02,35,02,3,2,1,03,02,01,1994,02,F,12,13,2,02,2,000000000029831
1999,01,1,12,2,02,35,02,3,2,1,03,02,01,1994,03,F,11,23,2,02,2,000000000029831
1999,01,1,06,2,03,UU,01,1,5,1,18,01,01,1993,01,U,UU,11,U,UU,1,000000000029835
1999,01,1,06,2,03,UU,01,1,5,1,18,02,06,1997,01,U,UU,11,U,UU,1,000000000029835
1999,01,1,06,2,03,UU,01,1,5,1,18,03,06,1986,01,M,39,11,2,02,1,000000000029835
1999,01,1,06,2,03,UU,01,1,5,1,18,99,NN,NNNN,01,M,45,99,2,UU,3,000000000029835
1999,01,1,14,2,02,35,01,1,2,1,18,01,01,1991,01,F,20,11,2,02,1,000000000030109
1999,01,1,14,2,02,35,01,1,2,1,18,02,06,1993,01,M,22,11,1,02,1,000000000030109
1999,01,1,10,2,02,UU,02,4,5,1,18,01,01,1987,01,M,62,11,2,02,1,000000000030111
1999,01,1,10,2,02,UU,02,4,5,1,18,02,06,1993,01,M,44,11,1,02,1,000000000030111
1999,01,1,13,2,03,21,02,1,3,3,01,01,01,1990,01,M,47,11,1,02,1,000000000030159
1999,01,1,13,2,03,21,02,1,3,3,01,02,01,1990,01,F,20,11,2,02,1,000000000030159
1999,01,1,13,2,03,21,02,1,3,3,01,03,01,1988,01,F,36,11,1,02,1,000000000030159
1999,01,1,08,2,02,21,02,5,5,1,03,01,06,1986,01,M,35,11,2,02,1,000000000030161
1999,01,1,08,2,02,21,02,5,5,1,03,02,09,1988,01,M,53,11,1,02,1,000000000030161
1999,01,1,11,2,02,21,01,3,5,3,18,01,06,1994,01,F,32,11,1,02,1,000000000030162
1999,01,1,11,2,02,21,01,3,5,3,18,02,01,1989,01,F,62,11,2,01,1,000000000030162
1999,01,1,14,2,03,36,01,1,2,1,18,01,06,1998,01,M,40,11,1,02,1,000000000030247
1999,01,1,14,2,03,36,01,1,2,1,18,01,06,1998,02,U,UU,21,1,02,2,000000000030247
1999,01,1,14,2,03,36,01,1,2,1,18,02,06,1993,01,F,35,11,2,02,1,000000000030247
1999,01,1,14,2,03,36,01,1,2,1,18,02,06,1993,02,M,39,13,2,02,2,000000000030247
1999,01,1,14,2,03,36,01,1,2,1,18,02,06,1993,03,F,07,21,2,02,2,000000000030247
1999,01,1,14,2,03,36,01,1,2,1,18,02,06,1993,04,U,UU,23,1,02,2,000000000030247
1999,01,1,14,2,03,36,01,1,2,1,18,03,01,1998,01,M,39,11,1,02,1,000000000030247
1999,01,1,16,2,01,01,QQ,3,2,1,18,01,01,1994,01,F,18,11,1,02,1,000000000030252
1999,01,1,16,2,01,01,QQ,3,2,1,18,99,NN,NNNN,01,M,34,99,2,UU,3,000000000030252
1999,01,1,16,2,01,01,QQ,3,2,1,18,99,NN,NNNN,02,U,UU,99,1,UU,3,000000000030252
1999,01,1,13,2,03,21,01,1,1,1,18,01,01,1986,01,M,72,11,1,02,1,000000000030254
1999,01,1,13,2,03,21,01,1,1,1,18,01,01,1986,02,U,UU,13,1,02,2,000000000030254
1999,01,1,13,2,03,21,01,1,1,1,18,02,01,1997,01,F,34,11,2,02,1,000000000030254
1999,01,1,13,2,03,21,01,1,1,1,18,02,01,1997,02,F,11,13,2,02,2,000000000030254
1999,01,1,13,2,03,21,01,1,1,1,18,03,06,1994,01,M,42,11,1,02,1,000000000030254
1999,01,1,07,2,02,31,05,2,2,2,18,01,01,1997,01,F,38,11,1,02,1,000000000030503
1999,01,1,07,2,02,31,05,2,2,2,18,02,06,1996,01,M,34,11,2,02,1,000000000030503
1999,01,1,07,2,02,31,05,2,2,2,18,02,06,1996,02,F,32,13,2,02,2,000000000030503
1999,01,1,17,2,04,31,01,6,3,3,18,01,01,1989,01,F,17,11,2,01,1,000000000030637
1999,01,1,17,2,04,31,01,6,3,3,18,02,01,1990,01,F,44,11,U,UU,1,000000000030637
1999,01,1,17,2,04,31,01,6,3,3,18,03,01,1997,01,F,50,11,U,UU,1,000000000030637
1999,01,1,17,2,04,31,01,6,3,3,18,04,01,1985,01,M,54,11,U,UU,1,000000000030637
1999,01,1,10,2,01,02,01,1,3,4,18,01,01,1986,01,F,29,11,2,02,1,000000000030638
1999,01,1,06,2,01,02,01,1,3,1,18,01,01,1989,01,F,20,11,2,02,1,000000000030684
1999,01,1,06,2,01,02,02,1,3,1,18,01,01,1987,01,M,33,11,2,02,1,000000000030969
1999,01,1,06,2,01,02,02,1,3,1,18,01,01,1987,02,U,UU,13,1,02,2,000000000030969
1999,01,1,08,2,04,31,01,5,5,1,18,01,08,1998,01,M,25,11,1,02,1,000000000031030
1999,01,1,08,2,04,31,01,5,5,1,18,02,01,1989,01,M,69,11,1,02,1,000000000031030
1999,01,1,08,2,04,31,01,5,5,1,18,03,01,1997,01,F,23,11,2,02,1,000000000031030
1999,01,1,08,2,04,31,01,5,5,1,18,04,09,1997,01,M,54,11,1,02,1,000000000031030
1999,01,1,11,2,02,35,01,5,5,1,18,01,01,1986,01,M,71,11,2,02,1,000000000031031
1999,01,1,11,2,02,35,01,5,5,1,18,02,01,1990,01,M,21,11,1,02,1,000000000031031
1999,01,1,11,2,02,35,01,5,5,1,18,02,01,1990,02,F,31,13,2,02,2,000000000031031
1999,01,1,11,2,02,35,01,5,5,1,18,02,01,1990,03,U,UU,21,1,02,2,000000000031031
1999,01,1,09,2,01,02,02,5,5,1,03,01,01,1996,01,F,29,11,2,02,1,000000000031032
1999,01,1,11,2,01,06,01,3,5,3,18,01,06,1989,01,M,42,11,2,02,1,000000000031033
1999,01,1,17,2,02,31,02,1,3,1,18,01,06,1990,01,F,36,11,U,UU,1,000000000031238
1999,01,1,17,2,02,31,02,1,3,1,18,02,01,1996,01,M,56,11,2,02,1,000000000031238
1999,01,1,06,2,02,21,02,1,2,1,01,01,01,1992,01,F,45,11,2,02,1,000000000031638
1999,01,1,06,2,02,21,02,1,2,1,01,02,01,UUUU,01,U,UU,11,U,UU,1,000000000031638
1999,01,1,11,2,02,23,02,4,3,1,18,01,01,1991,01,F,36,11,2,02,1,000000000031848
1999,01,1,11,2,02,23,02,4,3,1,18,02,01,1995,01,F,29,11,U,UU,1,000000000031848
1999,01,1,11,2,02,23,02,4,3,1,18,02,01,1995,02,F,34,13,2,02,2,000000000031848
1999,01,1,15,2,02,31,01,2,3,4,18,01,06,1986,01,F,23,11,2,02,1,000000000031850
1999,01,1,15,2,02,31,01,2,3,4,18,02,07,1997,01,M,42,11,U,UU,1,000000000031850
1999,01,1,14,2,02,21,01,2,3,1,18,01,01,1998,01,M,47,11,2,UU,1,000000000031967
1999,01,1,14,2,02,21,01,2,3,1,18,02,11,1985,01,M,57,11,U,UU,1,000000000031967
1999,01,1,13,2,02,21,02,4,7,1,01,01,01,1998,01,M,53,11,2,02,1,000000000031981
1999,01,1,13,2,02,21,02,4,7,1,01,02,07,1984,01,M,28,11,U,UU,1,000000000031981
1999,01,1,04,2,02,33,02,1,2,1,18,01,01,1989,01,M,60,11,U,UU,1,000000000031997
1999,01,1,04,2,02,33,02,1,2,1,18,02,01,1988,01,M,52,11,2,02,1,000000000031997
1999,01,1,08,2,01,01,02,1,2,1,18,01,01,1988,01,M,28,11,U,UU,1,000000000031998
1999,01,1,08,2,01,01,02,1,2,1,18,99,NN,NNNN,01,M,61,99,2,UU,3,000000000031998
1999,01,1,05,2,01,05,01,4,5,3,18,01,01,1997,01,F,54,11,2,02,1,000000000032921
1999,01,1,13,2,01,02,01,1,5,1,18,01,01,1993,01,F,69,11,2,01,1,000000000033061
1999,01,1,08,2,01,03,02,5,5,3,18,01,07,1985,01,M,64,11,2,02,1,000000000033180
1999,01,1,17,2,02,35,02,1,1,1,18,01,01,1994,01,F,20,11,2,02,1,000000000033300
1999,01,1,17,2,02,35,02,1,1,1,18,02,06,1993,01,M,46,11,U,UU,1,000000000033300
1999,01,1,08,2,02,33,02,3,2,1,18,01,01,1994,01,F,32,11,2,02,1,000000000033366
1999,01,1,08,2,02,33,02,3,2,1,18,02,01,1990,01,M,73,11,1,02,1,000000000033366
1999,01,1,14,2,01,03,01,2,3,3,18,01,01,1993,01,F,20,11,2,02,1,000000000033586
1999,01,1,09,2,01,03,01,5,U,1,18,01,06,1997,01,F,27,11,2,02,1,000000000033592
1999,01,1,13,2,01,03,01,4,3,4,18,01,01,1993,01,F,35,11,1,02,1,000000000033865
1999,01,1,13,2,01,03,01,4,3,4,18,01,01,1993,02,F,31,13,2,02,2,000000000033865
1999,01,1,13,2,01,03,01,4,3,4,18,01,01,1993,03,U,UU,21,1,02,2,000000000033865
1999,01,1,13,2,01,03,01,4,3,4,18,01,01,1993,04,U,UU,22,1,02,2,000000000033865
1999,01,1,13,2,01,03,01,4,3,4,18,01,01,1993,05,U,UU,23,1,02,2,000000000033865
1999,01,1,13,2,01,03,01,4,3,4,18,01,01,1993,06,U,UU,98,1,02,U,000000000033865
1999,01,1,12,2,02,23,01,4,3,1,18,01,01,1995,01,M,30,11,2,02,1,000000000033931
1999,01,1,12,2,02,23,01,4,3,1,18,02,01,1991,01,F,34,11,2,02,1,000000000033931
1999,01,1,00,2,01,01,01,2,1,1,18,01,01,1990,01,M,20,11,2,02,1,000000000033936
1999,01,1,09,2,01,04,QQ,1,3,3,11,01,06,1985,01,M,32,11,2,02,1,000000000034080
1999,01,1,09,2,01,04,QQ,1,3,3,11,01,06,1985,02,M,56,13,2,02,2,000000000034080
1999,01,1,08,2,02,34,02,2,2,2,03,01,01,1994,01,F,44,11,U,UU,1,000000000034178
1999,01,1,08,2,02,34,02,2,2,2,03,02,01,1992,01,F,24,11,2,02,1,000000000034178
1999,01,1,10,2,02,31,01,1,2,1,18,01,08,1985,01,M,36,11,U,UU,1,000000000034432
1999,01,1,10,2,02,31,01,1,2,1,18,02,06,1985,01,M,36,11,2,02,1,000000000034432
1999,01,1,07,2,02,31,01,2,5,4,UU,01,01,1992,01,F,45,11,2,02,1,000000000034516
1999,01,1,07,2,02,31,01,2,5,4,UU,02,09,1997,01,M,54,11,1,02,1,000000000034516
1999,01,1,07,2,02,31,01,2,5,4,UU,02,09,1997,02,U,UU,21,1,13,2,000000000034516
1999,01,1,07,2,02,31,01,2,5,4,UU,02,09,1997,03,U,UU,21,1,13,2,000000000034516
1999,01,1,07,2,02,31,01,2,5,4,UU,02,09,1997,04,U,UU,23,1,13,2,000000000034516
1999,01,1,07,2,02,31,01,2,5,4,UU,02,09,1997,05,U,UU,23,1,13,2,000000000034516
1999,01,1,12,2,01,06,01,2,2,2,18,01,01,1993,01,M,24,11,2,02,1,000000000034601
1999,01,1,09,2,01,02,01,3,5,2,18,01,07,1995,01,M,49,11,2,02,1,000000000034607
1999,01,1,11,1,02,31,01,1,5,4,18,01,08,1987,01,M,28,11,U,UU,1,000000000035198
1999,01,1,11,1,02,31,01,1,5,4,18,02,01,1988,01,M,30,11,3,02,1,000000000035198
1999,01,1,11,1,02,31,01,1,5,4,18,02,01,1988,02,F,27,13,3,02,2,000000000035198
1999,01,1,11,1,02,31,01,1,5,4,18,02,01,1988,03,M,07,23,3,02,2,000000000035198
1999,01,1,17,2,01,04,01,1,5,1,18,01,06,1990,01,M,76,11,2,02,1,000000000035201
1999,01,1,17,2,02,33,02,1,3,1,18,01,01,1994,01,F,39,11,U,UU,1,000000000035306
1999,01,1,17,2,02,33,02,1,3,1,18,02,01,1988,01,F,36,11,U,UU,1,000000000035306
1999,01,1,17,2,02,33,02,1,3,1,18,02,01,1988,02,M,04,13,2,02,2,000000000035306
1999,01,1,10,2,01,03,02,1,3,2,18,01,01,1989,01,F,71,11,U,UU,1,000000000035482
1999,01,1,10,2,01,03,02,1,3,2,18,01,01,1989,02,M,73,13,2,02,2,000000000035482
1999,01,1,07,2,02,31,02,1,5,1,18,01,06,1997,01,M,41,11,2,02,1,000000000035597
1999,01,1,07,2,02,31,02,1,5,1,18,02,08,1985,01,M,26,11,1,02,1,000000000035597
1999,01,1,07,2,02,31,02,1,5,1,18,02,08,1985,02,U,UU,13,1,02,2,000000000035597
1999,01,1,17,2,02,33,02,2,5,1,01,01,01,1995,01,F,37,11,2,02,1,000000000035638
1999,01,1,17,2,02,33,02,2,5,1,01,02,06,1986,01,M,49,11,2,02,1,000000000035638
1999,01,1,19,2,02,21,02,2,5,1,03,01,06,1998,01,M,49,11,1,02,1,000000000035741
1999,01,1,19,2,02,21,02,2,5,1,03,02,01,1994,01,M,18,11,1,02,1,000000000035741
1999,01,1,19,2,02,21,02,2,5,1,03,02,01,1994,02,F,18,13,2,02,2,000000000035741
1999,01,1,19,2,02,21,02,2,5,1,03,02,01,1994,03,U,UU,23,1,02,2,000000000035741
1999,01,1,18,2,01,01,02,2,1,1,18,01,08,1995,01,M,53,11,1,02,1,000000000035813
1999,01,1,18,2,01,01,02,2,1,1,18,99,NN,NNNN,01,F,46,99,2,UU,3,000000000035813
1999,01,1,14,2,02,35,02,3,2,1,03,01,01,1993,01,F,53,11,2,02,1,000000000035947
1999,01,1,14,2,02,35,02,3,2,1,03,02,06,1998,01,M,38,11,2,02,1,000000000035947
1999,01,1,00,2,02,35,02,2,5,1,03,01,01,1989,01,F,26,11,2,02,1,000000000035999
1999,01,1,00,2,02,35,02,2,5,1,03,02,07,1995,01,M,34,11,1,02,1,000000000035999
1999,01,1,09,2,02,35,01,5,5,3,18,01,01,1993,01,F,21,11,2,02,1,000000000036000
1999,01,1,09,2,02,35,01,5,5,3,18,02,01,1993,01,M,59,11,2,02,1,000000000036000
1999,01,1,09,2,02,35,01,5,5,3,18,02,01,1993,02,F,53,13,2,02,2,000000000036000
1999,01,1,09,2,02,35,01,5,5,3,18,02,01,1993,03,F,80,23,2,02,2,000000000036000
1999,01,1,18,2,02,41,01,1,3,3,18,01,01,1988,01,M,34,11,2,02,1,000000000036139
1999,01,1,18,2,02,41,01,1,3,3,18,02,06,1990,01,M,19,11,U,UU,1,000000000036139
1999,01,1,13,2,02,21,01,2,3,1,18,01,08,1989,01,M,42,11,U,UU,1,000000000036141
1999,01,1,13,2,02,21,01,2,3,1,18,01,08,1989,02,F,33,13,2,02,2,000000000036141
1999,01,1,13,2,02,21,01,2,3,1,18,02,06,1996,01,M,18,11,U,UU,1,000000000036141
1999,01,1,13,2,02,21,01,2,3,1,18,02,06,1996,02,F,14,21,2,02,2,000000000036141
1999,01,1,13,2,02,21,01,2,3,1,18,02,06,1996,03,F,28,22,2,02,2,000000000036141
1999,01,1,13,2,02,21,01,2,3,1,18,02,06,1996,04,M,27,23,2,02,2,000000000036141
1999,01,1,12,2,02,31,01,1,5,3,18,01,01,1986,01,M,18,11,2,02,1,000000000036186
1999,01,1,12,2,02,31,01,1,5,3,18,01,01,1986,02,M,18,13,2,02,2,000000000036186
1999,01,1,12,2,02,31,01,1,5,3,18,02,06,1991,01,M,56,11,U,UU,1,000000000036186
1999,01,1,07,2,02,31,01,1,5,4,18,01,01,1988,01,F,43,11,1,02,1,000000000036314
1999,01,1,07,2,02,31,01,1,5,4,18,02,01,1991,01,F,37,11,2,02,1,000000000036314
1999,01,1,12,2,01,04,01,7,3,3,18,01,09,1991,01,M,55,11,2,02,1,000000000036315
1999,01,1,17,2,02,31,01,1,3,4,18,01,01,1985,01,M,37,11,2,02,1,000000000036316
1999,01,1,17,2,02,31,01,1,3,4,18,02,06,1987,01,M,59,11,1,02,1,000000000036316
1999,01,1,17,2,02,31,01,1,3,4,18,02,06,1987,02,F,53,13,2,02,2,000000000036316
1999,01,1,14,2,02,34,01,3,5,4,18,01,06,1988,01,M,50,11,U,UU,1,000000000036319
1999,01,1,14,2,02,34,01,3,5,4,18,02,01,1991,01,F,38,11,2,02,1,000000000036319
1999,01,1,09,2,03,31,05,6,3,4,UU,01,08,1996,01,M,48,11,U,UU,1,000000000036536
1999,01,1,09,2,03,31,05,6,3,4,UU,02,01,1993,01,F,46,11,2,02,1,000000000036536
1999,01,1,09,2,03,31,05,6,3,4,UU,03,01,1995,01,F,20,11,U,UU,1,000000000036536
1999,01,1,22,2,01,06,01,1,1,1,18,01,06,1988,01,M,56,11,2,02,1,000000000036779
1999,01,1,22,2,01,06,01,1,1,1,18,01,06,1988,02,M,61,12,2,02,2,000000000036779
1999,01,1,03,2,01,02,01,1,5,1,18,01,01,1999,01,M,23,11,2,02,1,000000000036784
1999,01,1,09,2,02,33,02,2,2,1,03,01,01,1998,01,M,54,11,U,UU,1,000000000036785
1999,01,1,09,2,02,33,02,2,2,1,03,02,01,1989,01,M,23,11,U,UU,1,000000000036785
1999,01,1,09,2,02,33,02,2,2,1,03,02,01,1989,02,F,37,13,2,02,2,000000000036785
1999,01,1,16,2,01,05,01,3,5,3,18,01,07,1987,01,M,56,11,2,02,1,000000000036786
1999,01,1,15,2,03,21,05,1,1,2,UU,01,06,1990,01,M,32,11,1,02,1,000000000036788
1999,01,1,15,2,03,21,05,1,1,2,UU,02,01,1990,01,F,41,11,2,02,1,000000000036788
1999,01,1,15,2,03,21,05,1,1,2,UU,02,01,1990,02,M,16,13,2,02,2,000000000036788
1999,01,1,15,2,03,21,05,1,1,2,UU,03,08,1996,01,M,39,11,1,02,1,000000000036788
1999,01,1,06,2,03,UU,01,2,U,1,18,01,01,1993,01,M,48,11,U,UU,1,000000000036929
1999,01,1,06,2,03,UU,01,2,U,1,18,02,06,1987,01,M,50,11,U,UU,1,000000000036929
1999,01,1,06,2,03,UU,01,2,U,1,18,03,06,1995,01,M,53,11,U,UU,1,000000000036929
1999,01,1,06,2,03,UU,01,2,U,1,18,03,06,1995,02,F,52,13,2,02,2,000000000036929
1999,01,1,06,2,03,UU,01,2,U,1,18,03,06,1995,03,F,49,23,2,02,2,000000000036929
1999,01,1,11,2,01,02,01,1,2,1,18,01,01,1997,01,F,42,11,2,02,1,000000000036930
1999,01,1,18,2,02,21,QQ,1,2,1,18,01,01,1988,01,M,24,11,U,UU,1,000000000036951
1999,01,1,18,2,02,21,QQ,1,2,1,18,02,01,1997,01,M,51,11,2,02,1,000000000036951
1999,01,1,18,2,02,21,QQ,1,1,1,18,01,01,1998,01,M,45,11,2,02,1,000000000036952
1999,01,1,18,2,02,21,QQ,1,1,1,18,02,01,1995,01,M,35,11,U,UU,1,000000000036952
1999,01,1,10,2,03,23,01,3,2,1,18,01,08,1992,01,M,37,11,U,UU,1,000000000036981
1999,01,1,10,2,03,23,01,3,2,1,18,02,01,1998,01,F,35,11,2,02,1,000000000036981
1999,01,1,10,2,03,23,01,3,2,1,18,03,01,1990,01,F,35,11,U,UU,1,000000000036981
1999,01,1,20,2,01,02,05,3,2,2,18,01,01,1990,01,F,20,11,U,UU,1,000000000036982
1999,01,1,20,2,01,02,05,3,2,2,18,01,01,1990,02,M,22,13,2,02,2,000000000036982
1999,01,1,09,2,01,02,QQ,1,5,U,UU,01,01,1998,01,M,38,11,2,02,1,000000000036997
1999,01,1,11,2,01,03,01,1,1,1,18,01,01,1998,01,M,70,11,2,01,1,000000000036998
1999,01,1,12,2,03,21,01,1,1,2,18,01,01,1998,01,M,57,11,U,UU,1,000000000036999
1999,01,1,12,2,03,21,01,1,1,2,18,02,01,1997,01,F,23,11,2,02,1,000000000036999
1999,01,1,12,2,03,21,01,1,1,2,18,03,01,1992,01,M,41,11,U,UU,1,000000000036999
1999,01,1,12,2,02,24,QQ,1,1,4,18,01,08,1996,01,M,46,11,U,UU,1,000000000037000
1999,01,1,12,2,02,24,QQ,1,1,4,18,02,01,1996,01,F,28,11,2,02,1,000000000037000
1999,01,1,16,2,02,35,02,1,2,1,03,01,01,1987,01,M,84,11,2,02,1,000000000037973
1999,01,1,16,2,02,35,02,1,2,1,03,02,06,1988,01,M,57,11,U,UU,1,000000000037973
1999,01,1,13,2,01,02,02,1,3,1,18,01,01,1997,01,M,20,11,2,02,1,000000000038120
1999,01,1,07,2,01,03,01,1,5,1,18,01,01,1996,01,F,18,11,2,02,1,000000000038129
1999,01,1,12,2,02,UU,02,1,5,3,18,01,01,1989,01,M,50,11,2,02,1,000000000038213
1999,01,1,12,2,02,UU,02,1,5,3,18,01,01,1989,02,F,19,13,2,02,2,000000000038213
1999,01,1,12,2,02,UU,02,1,5,3,18,02,01,1989,01,F,64,11,2,02,1,000000000038213
1999,01,1,09,2,02,UU,02,3,5,4,18,01,01,1993,01,M,85,11,2,02,1,000000000038215
1999,01,1,09,2,02,UU,02,3,5,4,18,02,08,1992,01,M,40,11,1,02,1,000000000038215
1999,01,1,09,2,02,UU,02,3,5,4,18,02,08,1992,02,U,UU,13,1,02,2,000000000038215
1999,01,1,10,2,02,35,01,1,3,3,03,01,22,1997,01,M,46,11,2,13,U,000000000038332
1999,01,1,10,2,02,35,01,1,3,3,03,02,20,1999,01,M,55,11,U,UU,U,000000000038332
1999,01,1,15,2,02,UU,02,3,3,1,18,01,06,1997,01,M,37,11,2,02,1,000000000038336
1999,01,1,15,2,02,UU,02,3,3,1,18,01,06,1997,02,M,67,13,2,01,2,000000000038336
1999,01,1,15,2,02,UU,02,3,3,1,18,02,01,1989,01,M,18,11,2,02,1,000000000038336
1999,01,1,15,2,02,UU,02,3,3,1,18,02,01,1989,02,M,19,13,2,02,2,000000000038336
1999,01,1,12,2,02,21,01,1,5,4,18,01,01,1990,01,F,65,11,2,02,1,000000000038337
1999,01,1,12,2,02,21,01,1,5,4,18,02,06,1996,01,M,33,11,U,UU,1,000000000038337
1999,01,1,08,2,01,02,01,5,5,2,18,01,06,1995,01,F,38,11,2,02,1,000000000038597
1999,01,1,19,2,01,04,01,3,2,1,18,01,01,1998,01,F,35,11,2,02,1,000000000038598
1999,01,1,19,2,01,04,01,3,2,1,18,01,01,1998,02,F,30,13,2,02,2,000000000038598
1999,01,1,08,2,02,21,05,1,5,2,18,01,07,1991,01,M,47,11,2,02,1,000000000038897
1999,01,1,08,2,02,21,05,1,5,2,18,02,08,1989,01,M,35,11,2,02,1,000000000038897
1999,01,1,10,2,02,24,01,1,3,3,18,01,06,1997,01,M,45,11,2,02,1,000000000038898
1999,01,1,10,2,02,24,01,1,3,3,18,01,06,1997,02,F,UU,13,2,02,2,000000000038898
1999,01,1,10,2,02,24,01,1,3,3,18,01,06,1997,03,U,UU,22,1,02,2,000000000038898
1999,01,1,10,2,02,24,01,1,3,3,18,01,06,1997,04,U,UU,98,1,02,U,000000000038898
1999,01,1,10,2,02,24,01,1,3,3,18,01,06,1997,05,U,UU,98,1,02,U,000000000038898
1999,01,1,10,2,02,24,01,1,3,3,18,02,08,1998,01,M,41,11,U,UU,1,000000000038898
1999,01,1,11,2,01,04,01,1,5,3,18,01,01,1999,01,F,24,11,2,02,1,000000000038899
1999,01,1,07,1,06,21,05,5,5,2,18,01,01,1996,01,M,35,11,1,02,1,000000000038902
1999,01,1,07,1,06,21,05,5,5,2,18,02,01,1999,01,M,39,11,2,02,1,000000000038902
1999,01,1,07,1,06,21,05,5,5,2,18,03,01,1995,01,F,54,11,2,02,1,000000000038902
1999,01,1,07,1,06,21,05,5,5,2,18,04,01,1989,01,M,27,11,U,UU,1,000000000038902
1999,01,1,07,1,06,21,05,5,5,2,18,05,01,1994,01,F,52,11,1,02,1,000000000038902
1999,01,1,07,1,06,21,05,5,5,2,18,06,01,1999,01,M,38,11,2,02,1,000000000038902
1999,01,1,07,1,06,21,05,5,5,2,18,99,NN,NNNN,01,M,27,99,3,UU,3,000000000038902
1999,01,1,01,2,02,21,01,2,3,1,18,01,06,1991,01,M,28,11,2,02,1,000000000039011
1999,01,1,01,2,02,21,01,2,3,1,18,02,07,1991,01,M,33,11,U,UU,1,000000000039011
1999,01,1,04,2,01,06,UU,1,5,U,UU,01,07,1993,01,M,40,11,2,02,1,000000000039012
1999,01,1,08,2,01,04,01,4,3,1,18,01,06,1990,01,M,22,11,2,02,1,000000000039021
1999,01,1,08,2,01,04,01,4,3,1,18,01,06,1990,02,F,19,13,2,02,2,000000000039021
1999,01,1,10,2,03,21,UU,4,5,U,UU,01,07,1995,01,M,37,11,2,02,1,000000000039022
1999,01,1,10,2,03,21,UU,4,5,U,UU,02,UU,1991,01,M,35,11,U,UU,U,000000000039022
1999,01,1,10,2,03,21,UU,4,5,U,UU,03,UU,1995,01,F,52,11,U,UU,U,000000000039022
1999,01,1,16,2,01,02,01,3,2,4,18,01,01,1990,01,M,41,11,2,02,1,000000000039034
1999,01,1,14,2,02,31,05,1,5,1,QQ,01,20,1994,01,M,26,11,U,UU,U,000000000039443
1999,01,1,14,2,02,31,05,1,5,1,QQ,02,06,1994,01,M,40,11,2,02,1,000000000039443
1999,01,1,14,2,02,31,05,1,5,1,QQ,02,06,1994,02,U,UU,13,1,02,2,000000000039443
1999,01,1,21,2,02,UU,02,2,2,1,18,01,06,1987,01,M,23,11,2,02,1,000000000039444
1999,01,1,21,2,02,UU,02,2,2,1,18,02,08,UUUU,01,U,UU,11,U,UU,1,000000000039444
1999,01,1,10,2,02,31,01,1,7,3,18,01,01,1997,01,M,53,11,2,02,1,000000000039525
1999,01,1,10,2,02,31,01,1,7,3,18,02,01,1996,01,F,69,11,2,02,1,000000000039525
1999,01,1,13,2,02,31,01,1,2,1,18,01,06,1995,01,M,67,11,U,UU,1,000000000039526
1999,01,1,13,2,02,31,01,1,2,1,18,02,01,1993,01,M,60,11,U,UU,1,000000000039526
1999,01,1,13,2,02,31,01,1,2,1,18,02,01,1993,02,F,59,13,2,02,2,000000000039526
1999,01,1,13,2,02,31,01,1,2,1,18,02,01,1993,03,F,59,22,2,02,2,000000000039526
1999,01,1,15,2,02,35,02,1,3,1,18,01,01,1988,01,M,73,11,U,UU,1,000000000039528
1999,01,1,15,2,02,35,02,1,3,1,18,02,01,1988,01,M,36,11,2,02,1,000000000039528
1999,01,1,19,2,02,31,01,3,3,2,18,01,01,1993,01,M,25,11,2,02,1,000000000039529
1999,01,1,19,2,02,31,01,3,3,2,18,02,01,1992,01,M,47,11,2,02,1,000000000039529
1999,01,1,21,2,02,21,01,1,1,1,18,01,01,1998,01,M,34,11,U,UU,1,000000000039591
1999,01,1,21,2,02,21,01,1,1,1,18,02,01,1989,01,M,30,11,2,02,1,000000000039591
1999,01,1,21,2,02,21,01,1,1,1,18,02,01,1989,02,M,33,13,2,02,2,000000000039591
1999,01,1,18,2,02,33,02,2,3,1,18,01,06,1985,01,F,45,11,2,02,1,000000000039806
1999,01,1,18,2,02,33,02,2,3,1,18,02,01,1985,01,M,56,11,2,02,1,000000000039806
1999,01,1,13,2,02,31,01,7,5,1,18,01,01,1991,01,F,59,11,2,02,1,000000000039808
1999,01,1,13,2,02,31,01,7,5,1,18,02,08,1990,01,M,36,11,1,02,1,000000000039808
1999,01,1,16,2,02,32,02,1,1,1,03,01,01,1997,01,F,16,11,2,02,1,000000000039809
1999,01,1,16,2,02,32,02,1,1,1,03,01,01,1997,02,M,49,13,2,02,2,000000000039809
1999,01,1,16,2,02,32,02,1,1,1,03,02,06,1997,01,M,46,11,U,UU,1,000000000039809
1999,01,1,17,2,02,35,02,2,2,1,18,01,22,1994,01,M,26,11,2,13,U,000000000040002
1999,01,1,17,2,02,35,02,2,2,1,18,02,01,1998,01,M,50,11,U,UU,1,000000000040002
1999,01,1,10,2,02,UU,01,1,5,1,18,01,01,1995,01,M,62,11,1,02,1,000000000040007
1999,01,1,10,2,02,UU,01,1,5,1,18,02,01,1986,01,M,36,11,2,02,1,000000000040007
1999,01,1,10,2,02,UU,01,1,5,1,18,02,01,1986,02,F,52,13,2,02,2,000000000040007
1999,01,1,12,2,02,35,UU,4,5,3,18,01,01,1994,01,F,35,11,2,01,1,000000000040439
1999,01,1,12,2,02,35,UU,4,5,3,18,02,01,1997,01,M,36,11,U,UU,1,000000000040439
1999,01,1,16,2,01,03,01,1,3,1,18,01,06,1996,01,F,27,11,2,02,1,000000000040493
1999,01,1,15,2,01,03,01,1,1,2,18,01,01,1997,01,F,37,11,2,02,1,000000000040498
1999,01,1,16,2,01,03,01,1,5,2,18,01,01,1995,01,F,59,11,2,02,1,000000000040639
1999,01,1,15,2,01,04,01,3,5,2,18,01,01,1988,01,F,47,11,2,02,1,000000000040640
1999,01,1,15,2,02,21,02,1,5,1,03,01,01,1986,01,F,31,11,2,02,1,000000000040745
1999,01,1,15,2,02,21,02,1,5,1,03,02,06,1987,01,M,36,11,U,UU,1,000000000040745
1999,01,1,19,2,01,01,01,2,3,1,18,01,06,1991,01,M,18,11,U,UU,1,000000000040864
1999,01,1,19,2,01,01,01,2,3,1,18,99,NN,NNNN,01,M,11,99,2,UU,3,000000000040864
1999,01,1,21,2,01,02,QQ,1,3,1,18,01,01,1991,01,M,25,11,2,01,1,000000000040931
1999,01,1,09,2,02,23,01,2,2,1,18,01,06,1995,01,F,31,11,1,02,1,000000000041011
1999,01,1,09,2,02,23,01,2,2,1,18,02,01,1988,01,F,38,11,2,02,1,000000000041011
1999,01,1,06,2,02,31,01,4,3,1,18,01,01,1989,01,F,20,11,2,02,1,000000000041169
1999,01,1,06,2,02,31,01,4,3,1,18,02,01,1995,01,M,23,11,2,02,1,000000000041169
1999,01,1,09,2,02,33,02,1,2,1,18,01,01,1993,01,M,79,11,2,02,1,000000000041211
1999,01,1,09,2,02,33,02,1,2,1,18,02,01,1981,01,M,56,11,2,02,1,000000000041211
1999,01,1,09,2,02,33,02,1,2,1,18,02,01,1981,02,F,19,13,2,02,2,000000000041211
1999,01,1,05,2,01,06,02,1,3,1,18,01,20,1972,01,M,35,11,2,02,U,000000000041218
1999,01,1,15,2,01,03,01,6,5,1,18,01,01,1989,01,M,48,11,U,UU,1,000000000041346
1999,01,1,15,2,01,03,01,6,5,1,18,01,01,1989,02,F,07,23,2,02,2,000000000041346
1999,01,1,14,2,02,UU,01,7,3,3,18,01,01,1998,01,F,49,11,2,02,1,000000000041416
1999,01,1,14,2,02,UU,01,7,3,3,18,01,01,1998,02,U,UU,13,1,02,2,000000000041416
1999,01,1,14,2,02,UU,01,7,3,3,18,02,01,1989,01,M,22,11,1,02,1,000000000041416
1999,01,1,17,2,02,21,01,3,5,1,18,01,01,1985,01,M,50,11,U,UU,1,000000000041508
1999,01,1,17,2,02,21,01,3,5,1,18,02,06,1990,01,F,39,11,2,02,1,000000000041508
1999,01,1,07,2,02,31,01,1,3,1,18,01,01,1993,01,F,26,11,2,02,1,000000000041719
1999,01,1,07,2,02,31,01,1,3,1,18,02,01,1989,01,M,29,11,U,UU,1,000000000041719
1999,01,1,13,2,02,33,01,2,2,4,18,01,01,1992,01,F,24,11,2,02,1,000000000041760
1999,01,1,13,2,02,33,01,2,2,4,18,02,01,1989,01,F,30,11,1,02,1,000000000041760
1999,01,1,18,2,02,31,02,1,1,3,18,01,01,1990,01,M,40,11,2,02,1,000000000041819
1999,01,1,18,2,02,31,02,1,1,3,18,02,07,1990,01,M,26,11,U,UU,1,000000000041819
1999,01,1,07,2,02,35,02,2,3,2,18,01,01,1991,01,F,45,11,2,02,1,000000000042013
1999,01,1,07,2,02,35,02,2,3,2,18,02,01,1985,01,M,38,11,2,02,1,000000000042013
1999,01,1,14,2,02,21,02,1,2,1,18,01,06,1996,01,M,28,11,1,02,1,000000000042064
1999,01,1,14,2,02,21,02,1,2,1,18,02,01,1997,01,M,26,11,2,02,1,000000000042064
1999,01,1,06,2,02,21,01,2,3,1,18,01,20,1994,01,M,63,11,U,UU,U,000000000042327
1999,01,1,06,2,02,21,01,2,3,1,18,02,01,1991,01,F,52,11,U,UU,1,000000000042327
1999,01,1,06,2,02,21,01,2,3,1,18,02,01,1991,02,M,19,23,2,02,2,000000000042327
1999,01,1,09,2,01,04,01,4,5,1,18,01,06,1996,01,F,53,11,2,02,1,000000000042328
1999,01,1,09,2,01,04,01,4,5,1,18,01,06,1996,02,F,58,12,2,02,2,000000000042328
1999,01,1,09,2,01,04,01,4,5,1,18,01,06,1996,03,U,UU,13,1,02,2,000000000042328
1999,01,1,08,2,02,31,01,4,5,4,18,01,09,1990,01,M,43,11,2,02,1,000000000042331
1999,01,1,08,2,02,31,01,4,5,4,18,02,01,1987,01,F,30,11,2,02,1,000000000042331
1999,01,1,08,2,02,31,01,4,5,4,18,02,01,1987,02,M,04,21,2,02,2,000000000042331
1999,01,1,08,2,02,31,01,4,5,4,18,02,01,1987,03,M,01,22,2,02,2,000000000042331
1999,01,1,16,2,02,31,01,2,5,4,18,01,01,1985,01,M,26,11,U,UU,1,000000000042434
1999,01,1,16,2,02,31,01,2,5,4,18,02,01,1983,01,F,31,11,2,02,1,000000000042434
1999,01,1,16,2,02,31,01,2,5,4,18,02,01,1983,02,F,01,23,2,02,2,000000000042434
1999,01,1,12,2,02,21,02,1,3,1,18,01,01,1990,01,F,42,11,2,02,1,000000000042488
1999,01,1,12,2,02,21,02,1,3,1,18,02,01,UUUU,01,U,UU,11,U,UU,1,000000000042488
1999,01,1,11,2,02,35,02,2,2,1,01,01,01,1993,01,F,29,11,1,02,1,000000000042516
1999,01,1,11,2,02,35,02,2,2,1,01,02,01,1995,01,M,74,11,1,02,1,000000000042516
1999,01,1,11,2,02,35,02,2,2,1,01,02,01,1995,02,F,65,13,2,02,2,000000000042516
1999,01,1,20,2,01,04,01,4,3,1,18,01,01,1992,01,F,31,11,2,02,1,000000000042620
1999,01,1,22,2,02,23,01,4,3,3,18,01,06,1986,01,M,52,11,2,02,1,000000000042621
1999,01,1,22,2,02,23,01,4,3,3,18,01,06,1986,02,F,43,13,2,02,2,000000000042621
1999,01,1,22,2,02,23,01,4,3,3,18,02,08,1995,01,M,36,11,U,UU,1,000000000042621
1999,01,1,04,2,02,35,UU,2,2,U,UU,01,08,1994,01,M,41,11,U,UU,1,000000000042758
1999,01,1,04,2,02,35,UU,2,2,U,UU,02,01,1991,01,M,21,11,2,UU,1,000000000042758
1999,01,1,05,2,02,21,01,2,2,1,QQ,01,20,1981,01,M,47,11,1,UU,U,000000000042772
1999,01,1,05,2,02,21,01,2,2,1,QQ,02,01,1993,01,M,34,11,2,02,1,000000000042772
1999,01,1,13,2,02,21,02,7,3,1,07,01,01,1992,01,M,18,11,2,02,1,000000000042773
1999,01,1,13,2,02,21,02,7,3,1,07,02,01,1998,01,M,61,11,1,02,1,000000000042773
1999,01,1,16,2,02,24,01,1,1,1,18,01,01,1997,01,F,59,11,2,02,1,000000000042774
1999,01,1,16,2,02,24,01,1,1,1,18,02,08,1996,01,M,48,11,U,UU,1,000000000042774
1999,01,1,07,2,01,04,QQ,1,5,2,18,01,01,1994,01,F,49,11,2,02,1,000000000043292
1999,01,1,09,2,02,23,01,1,1,1,18,01,01,1988,01,M,63,11,2,02,1,000000000043331
1999,01,1,09,2,02,23,01,1,1,1,18,02,06,1996,01,M,44,11,U,UU,1,000000000043331
1999,01,1,08,2,02,31,02,1,3,4,18,01,01,1989,01,F,29,11,2,02,1,000000000043428
1999,01,1,08,2,02,31,02,1,3,4,18,02,20,1997,01,M,32,11,1,02,U,000000000043428
1999,01,1,08,2,01,04,01,2,5,3,18,01,01,1996,01,F,33,11,2,02,1,000000000043463
1999,01,1,15,2,01,03,UU,1,5,3,UU,01,06,1997,01,M,51,11,U,UU,1,000000000043528
1999,01,1,15,2,01,03,UU,1,5,3,UU,01,06,1997,02,M,55,13,2,02,2,000000000043528
1999,01,1,15,2,01,03,UU,1,5,3,UU,01,06,1997,03,F,75,21,2,02,2,000000000043528
1999,01,1,15,2,01,03,UU,1,5,3,UU,01,06,1997,04,F,53,23,2,02,2,000000000043528
1999,01,1,15,2,02,31,02,2,5,1,03,01,QQ,1993,01,M,22,11,2,13,U,000000000043572
1999,01,1,15,2,02,31,02,2,5,1,03,02,01,1997,01,M,40,11,U,UU,1,000000000043572
1999,01,1,10,1,02,21,02,4,3,2,18,01,01,1993,01,M,60,11,2,02,1,000000000043596
1999,01,1,10,1,02,21,02,4,3,2,18,01,01,1993,02,F,58,13,3,02,2,000000000043596
1999,01,1,10,1,02,21,02,4,3,2,18,02,07,1995,01,M,36,11,1,02,1,000000000043596
1999,01,1,12,1,02,01,05,1,2,1,18,01,01,1991,01,M,42,11,3,02,1,000000000043598
1999,01,1,12,1,02,01,05,1,2,1,18,02,01,1987,01,M,46,11,1,02,1,000000000043598
1999,01,1,22,1,02,31,01,4,3,1,18,01,06,1997,01,M,32,11,1,02,1,000000000043605
1999,01,1,22,1,02,31,01,4,3,1,18,01,06,1997,02,F,32,13,1,02,2,000000000043605
1999,01,1,22,1,02,31,01,4,3,1,18,02,01,1986,01,M,58,11,2,02,1,000000000043605
1999,01,1,22,1,02,31,01,4,3,1,18,02,01,1986,02,F,54,13,3,02,2,000000000043605
1999,01,1,16,1,03,31,01,1,1,1,18,01,01,1998,01,F,71,11,3,02,1,000000000043608
1999,01,1,16,1,03,31,01,1,1,1,18,02,01,1992,01,F,45,11,2,02,1,000000000043608
1999,01,1,16,1,03,31,01,1,1,1,18,02,01,1992,02,F,84,13,3,02,2,000000000043608
1999,01,1,16,1,03,31,01,1,1,1,18,03,01,1985,01,M,26,11,1,02,1,000000000043608
1999,01,1,17,1,01,01,01,4,3,1,18,01,01,1997,01,M,69,11,3,02,1,000000000043624
1999,01,1,19,1,01,01,01,1,2,1,18,01,01,1992,01,F,24,11,1,02,1,000000000043630
1999,01,1,19,1,01,01,01,1,2,1,18,99,NN,NNNN,01,M,43,99,3,13,3,000000000043630
1999,01,1,07,1,02,22,01,4,5,3,18,01,01,1990,01,M,37,11,3,01,1,000000000043631
1999,01,1,07,1,02,22,01,4,5,3,18,01,01,1990,02,M,37,11,2,02,1,000000000043631
1999,01,1,07,1,02,22,01,4,5,3,18,02,01,1989,01,M,35,11,1,UU,1,000000000043631
1999,01,1,07,2,02,33,02,3,2,1,03,01,01,1994,01,M,25,11,1,02,1,000000000043646
1999,01,1,07,2,02,33,02,3,2,1,03,01,01,1994,02,F,21,21,2,01,2,000000000043646
1999,01,1,07,2,02,33,02,3,2,1,03,02,01,1997,01,F,28,11,2,UU,1,000000000043646
1999,01,1,11,2,01,01,02,3,2,2,01,01,01,1995,01,M,19,11,1,UU,1,000000000043654
1999,01,1,11,2,01,01,02,3,2,2,01,99,NN,NNNN,01,F,50,99,2,13,3,000000000043654
1999,01,1,09,2,02,33,02,4,3,4,01,01,01,1987,01,M,29,11,1,02,1,000000000043656
1999,01,1,09,2,02,33,02,4,3,4,01,02,01,1992,01,F,27,11,2,02,1,000000000043656
1999,01,1,09,2,02,33,02,4,3,4,01,02,01,1992,02,F,22,13,1,02,2,000000000043656
1999,01,1,13,2,02,34,02,1,4,2,01,01,01,1987,01,M,77,11,1,02,1,000000000043660
1999,01,1,13,2,02,34,02,1,4,2,01,01,01,1987,02,F,74,13,2,02,2,000000000043660
1999,01,1,13,2,02,34,02,1,4,2,01,02,01,1993,01,F,48,11,1,02,1,000000000043660
1999,01,1,19,2,02,22,02,3,2,2,18,01,01,1992,01,F,23,11,1,02,1,000000000043663
1999,01,1,19,2,02,22,02,3,2,2,18,02,01,1993,01,M,67,11,1,02,1,000000000043663
1999,01,1,19,2,02,22,02,3,2,2,18,02,01,1993,02,F,61,13,2,02,2,000000000043663
1999,01,1,13,2,02,33,02,3,2,1,01,01,07,1994,01,M,43,11,2,01,1,000000000043676
1999,01,1,13,2,02,33,02,3,2,1,01,02,08,1998,01,M,48,11,2,01,1,000000000043676
1999,01,1,11,2,02,21,02,1,1,2,01,01,01,1994,01,F,19,11,1,02,1,000000000043679
1999,01,1,11,2,02,21,02,1,1,2,01,02,01,1990,01,M,51,11,2,02,1,000000000043679
1999,01,1,11,2,02,21,02,1,1,2,01,02,01,1990,02,F,49,13,2,02,2,000000000043679
1999,01,1,08,2,03,21,01,4,3,1,18,01,01,1988,01,M,26,11,1,02,1,000000000043686
1999,01,1,08,2,03,21,01,4,3,1,18,02,01,1998,01,M,29,11,1,02,1,000000000043686
1999,01,1,08,2,03,21,01,4,3,1,18,03,01,1991,01,F,26,11,2,02,1,000000000043686
1999,01,1,19,2,02,21,02,4,2,1,01,01,01,1994,01,F,37,11,2,02,1,000000000043737
1999,01,1,19,2,02,21,02,4,2,1,01,01,01,1994,02,F,12,13,2,02,2,000000000043737
1999,01,1,19,2,02,21,02,4,2,1,01,02,01,1988,01,M,36,11,1,02,1,000000000043737
1999,01,1,19,2,02,21,02,4,2,1,01,02,01,1988,02,F,28,13,1,02,2,000000000043737
1999,01,1,12,2,02,33,02,1,3,2,03,01,01,1995,01,F,65,11,2,02,1,000000000043742
1999,01,1,12,2,02,33,02,1,3,2,03,02,01,1988,01,M,75,11,1,02,1,000000000043742
1999,01,1,12,2,02,33,02,1,3,2,03,02,01,1988,02,M,71,13,1,02,2,000000000043742
1999,01,1,15,2,02,33,02,1,5,2,01,01,QQ,1995,01,F,60,11,1,02,U,000000000043746
1999,01,1,15,2,02,33,02,1,5,2,01,01,QQ,1995,02,F,16,32,2,UU,U,000000000043746
1999,01,1,15,2,02,33,02,1,5,2,01,01,QQ,1995,03,M,15,32,1,13,U,000000000043746
1999,01,1,15,2,02,33,02,1,5,2,01,01,QQ,1995,04,M,18,32,1,13,U,000000000043746
1999,01,1,15,2,02,33,02,1,5,2,01,01,QQ,1995,05,F,21,32,1,13,U,000000000043746
1999,01,1,15,2,02,33,02,1,5,2,01,02,06,1988,01,M,48,11,1,UU,1,000000000043746
1999,01,1,01,2,02,34,03,1,3,3,18,01,20,2000,01,M,50,11,1,UU,U,000000000043747
1999,01,1,01,2,02,34,03,1,3,3,18,01,20,2000,02,M,50,12,1,UU,U,000000000043747
1999,01,1,01,2,02,34,03,1,3,3,18,02,06,1989,01,M,46,11,2,02,1,000000000043747
1999,01,1,09,2,02,33,03,1,5,1,18,01,06,1992,01,F,43,11,1,02,1,000000000043755
1999,01,1,09,2,02,33,03,1,5,1,18,02,01,1993,01,M,36,11,2,02,1,000000000043755
1999,01,1,08,2,02,33,03,1,2,1,18,01,01,1997,01,M,31,11,2,02,1,000000000043763
1999,01,1,08,2,02,33,03,1,2,1,18,01,01,1997,02,M,35,13,2,02,2,000000000043763
1999,01,1,08,2,02,33,03,1,2,1,18,02,01,1988,01,F,38,11,2,02,1,000000000043763
1999,01,1,08,2,02,33,03,1,2,1,18,02,01,1988,02,F,09,21,1,02,2,000000000043763
1999,01,1,08,2,02,33,03,1,2,1,18,02,01,1988,03,F,07,23,1,02,2,000000000043763
1999,01,1,17,2,01,01,02,4,3,3,03,01,01,1998,01,M,33,11,1,02,1,000000000043768
1999,01,1,17,2,01,01,02,4,3,3,03,99,NN,NNNN,01,M,29,99,2,13,3,000000000043768
1999,01,1,11,2,02,22,02,4,5,2,01,01,01,1991,01,F,76,11,1,02,1,000000000043770
1999,01,1,11,2,02,22,02,4,5,2,01,02,01,1986,01,F,29,11,2,02,1,000000000043770
1999,01,1,11,2,02,34,02,1,4,1,03,01,06,1988,01,M,35,11,1,02,1,000000000043779
1999,01,1,11,2,02,34,02,1,4,1,03,02,06,1992,01,F,34,11,2,02,1,000000000043779
1999,01,1,09,2,02,21,02,1,2,1,01,01,11,1990,01,F,49,11,1,02,1,000000000043784
1999,01,1,09,2,02,21,02,1,2,1,01,02,01,1987,01,F,47,11,2,02,1,000000000043784
1999,01,1,19,2,02,21,01,4,5,1,18,01,06,1992,01,M,31,11,1,02,1,000000000043785
1999,01,1,19,2,02,21,01,4,5,1,18,02,11,1983,01,M,39,11,1,02,1,000000000043785
1999,01,1,19,2,02,21,01,4,5,1,18,02,11,1983,02,M,39,32,2,13,2,000000000043785
1999,01,1,19,2,02,21,01,4,5,1,18,02,11,1983,03,U,UU,32,1,13,2,000000000043785
1999,01,1,07,2,02,22,01,4,3,2,18,01,01,1988,01,M,20,11,2,02,1,000000000043801
1999,01,1,07,2,02,22,01,4,3,2,18,02,08,1995,01,M,38,11,1,02,1,000000000043801
1999,01,1,15,2,02,21,01,1,2,1,18,01,06,1991,01,M,46,11,1,UU,1,000000000043803
1999,01,1,15,2,02,21,01,1,2,1,18,02,01,1995,01,M,25,11,2,02,1,000000000043803
1999,01,1,15,2,02,21,01,1,2,1,18,02,01,1995,02,F,23,13,2,02,2,000000000043803
1999,01,1,15,2,02,21,02,4,4,3,03,01,06,1992,01,F,36,11,2,02,1,000000000043806
1999,01,1,15,2,02,21,02,4,4,3,03,01,06,1992,02,M,15,13,2,02,2,000000000043806
1999,01,1,15,2,02,21,02,4,4,3,03,02,06,1989,01,M,29,11,1,02,1,000000000043806
1999,01,1,09,2,02,21,01,1,5,2,18,01,01,1989,01,F,69,11,2,02,1,000000000043807
1999,01,1,09,2,02,21,01,1,5,2,18,01,01,1989,02,F,68,13,2,02,2,000000000043807
1999,01,1,09,2,02,21,01,1,5,2,18,02,11,1981,01,M,50,11,1,02,1,000000000043807
1999,01,1,09,2,02,21,01,1,5,2,18,02,11,1981,02,U,UU,32,1,13,2,000000000043807
1999,01,1,08,2,02,34,02,1,5,1,01,01,08,1989,01,M,62,11,1,02,1,000000000043808
1999,01,1,08,2,02,34,02,1,5,1,01,02,01,UUUU,01,F,32,11,2,02,1,000000000043808
1999,01,1,08,2,02,34,02,1,5,1,01,02,01,UUUU,02,F,08,13,2,02,2,000000000043808
1999,01,1,15,2,02,33,02,1,4,1,01,01,07,1987,01,M,38,11,2,02,1,000000000043813
1999,01,1,15,2,02,33,02,1,4,1,01,01,07,1987,02,F,26,13,2,02,2,000000000043813
1999,01,1,15,2,02,33,02,1,4,1,01,02,01,1987,01,F,30,11,2,02,1,000000000043813
1999,01,1,07,2,02,34,02,1,3,1,03,01,09,1990,01,F,36,11,1,02,1,000000000043814
1999,01,1,07,2,02,34,02,1,3,1,03,01,09,1990,02,F,07,13,1,13,2,000000000043814
1999,01,1,07,2,02,34,02,1,3,1,03,01,09,1990,03,M,02,13,1,02,2,000000000043814
1999,01,1,07,2,02,34,02,1,3,1,03,02,06,1998,01,M,40,11,2,02,1,000000000043814
1999,01,1,23,2,02,31,01,1,5,3,18,01,07,1998,01,M,39,11,1,02,1,000000000043820
1999,01,1,23,2,02,31,01,1,5,3,18,02,01,1988,01,M,24,11,2,02,1,000000000043820
1999,01,1,02,2,02,01,01,5,5,4,18,01,01,1992,01,F,27,11,2,02,1,000000000043827
1999,01,1,02,2,02,01,01,5,5,4,18,02,11,2000,01,U,UU,11,1,UU,1,000000000043827
1999,01,1,20,2,03,22,01,4,3,1,18,01,06,1997,01,M,34,11,1,02,1,000000000043829
1999,01,1,20,2,03,22,01,4,3,1,18,01,06,1997,02,M,24,13,1,02,2,000000000043829
1999,01,1,20,2,03,22,01,4,3,1,18,02,01,1983,01,M,19,11,2,02,1,000000000043829
1999,01,1,20,2,03,22,01,4,3,1,18,02,01,1983,02,M,19,13,1,02,2,000000000043829
1999,01,1,20,2,03,22,01,4,3,1,18,02,01,1983,03,M,10,23,2,02,2,000000000043829
1999,01,1,20,2,03,22,01,4,3,1,18,03,08,1990,01,M,62,11,1,02,1,000000000043829
1999,01,1,19,2,02,21,01,4,5,1,18,01,17,UUUU,01,M,52,11,2,13,4,000000000043841
1999,01,1,19,2,02,21,01,4,5,1,18,02,01,1988,01,M,47,11,1,02,1,000000000043841
1999,01,1,19,2,02,21,01,4,5,1,18,02,01,1988,02,F,44,13,1,02,2,000000000043841
1999,01,1,17,2,04,22,03,4,5,1,18,01,01,1996,01,F,19,11,1,02,1,000000000043849
1999,01,1,17,2,04,22,03,4,5,1,18,01,01,1996,02,M,19,13,1,02,2,000000000043849
1999,01,1,17,2,04,22,03,4,5,1,18,01,01,1996,03,M,42,21,1,02,2,000000000043849
1999,01,1,17,2,04,22,03,4,5,1,18,01,01,1996,04,F,39,22,1,02,2,000000000043849
1999,01,1,17,2,04,22,03,4,5,1,18,02,01,1983,01,M,47,11,1,02,1,000000000043849
1999,01,1,17,2,04,22,03,4,5,1,18,02,01,1983,02,M,20,12,1,02,2,000000000043849
1999,01,1,17,2,04,22,03,4,5,1,18,02,01,1983,03,M,33,13,2,02,2,000000000043849
1999,01,1,17,2,04,22,03,4,5,1,18,03,06,1989,01,M,20,11,1,UU,1,000000000043849
1999,01,1,17,2,04,22,03,4,5,1,18,04,01,1992,01,M,33,11,1,UU,1,000000000043849
1999,01,1,14,2,03,21,01,4,2,1,18,01,01,1998,01,F,23,11,2,01,1,000000000043850
1999,01,1,14,2,03,21,01,4,2,1,18,01,01,1998,02,F,23,13,1,02,2,000000000043850
1999,01,1,14,2,03,21,01,4,2,1,18,02,01,1986,01,M,68,11,2,02,1,000000000043850
1999,01,1,14,2,03,21,01,4,2,1,18,03,01,1987,01,M,46,11,1,02,1,000000000043850
1999,01,1,12,2,03,22,02,1,3,1,01,01,01,1986,01,F,57,11,1,02,1,000000000043854
1999,01,1,12,2,03,22,02,1,3,1,01,01,01,1986,02,M,68,13,1,02,2,000000000043854
1999,01,1,12,2,03,22,02,1,3,1,01,02,06,1995,01,M,50,11,2,02,1,000000000043854
1999,01,1,12,2,03,22,02,1,3,1,01,03,01,UUUU,01,M,UU,11,1,UU,1,000000000043854
1999,01,1,18,2,03,31,01,4,3,2,18,01,06,1990,01,M,33,11,1,UU,1,000000000043860
1999,01,1,18,2,03,31,01,4,3,2,18,02,01,1989,01,M,35,11,2,UU,1,000000000043860
1999,01,1,18,2,03,31,01,4,3,2,18,03,01,1991,01,M,32,11,2,UU,1,000000000043860
1999,01,1,16,2,02,31,01,1,4,1,18,01,01,1991,01,M,17,11,2,UU,1,000000000043867
1999,01,1,16,2,02,31,01,1,4,1,18,01,01,1991,02,F,UU,21,2,01,2,000000000043867
1999,01,1,16,2,02,31,01,1,4,1,18,01,01,1991,03,M,UU,23,2,UU,2,000000000043867
1999,01,1,16,2,02,31,01,1,4,1,18,02,01,1998,01,M,32,11,2,02,1,000000000043867
1999,01,1,16,2,02,31,01,1,4,1,18,02,01,1998,02,F,UU,12,2,02,2,000000000043867
1999,01,1,16,2,02,31,01,1,4,1,18,02,01,1998,03,F,UU,13,2,02,2,000000000043867
1999,01,1,16,2,02,31,01,1,4,1,18,02,01,1998,04,M,UU,21,2,02,2,000000000043867
1999,01,1,16,2,02,31,01,1,4,1,18,02,01,1998,05,M,UU,22,2,02,2,000000000043867
1999,01,1,14,2,03,21,01,1,4,1,18,01,01,1998,01,M,56,11,1,02,1,000000000043875
1999,01,1,14,2,03,21,01,1,4,1,18,01,01,1998,02,F,44,13,1,02,2,000000000043875
1999,01,1,14,2,03,21,01,1,4,1,18,02,06,1997,01,F,50,11,1,02,1,000000000043875
1999,01,1,14,2,03,21,01,1,4,1,18,03,01,1998,01,M,26,11,2,02,1,000000000043875
1999,01,1,11,2,03,21,01,1,2,1,18,01,01,1993,01,M,37,11,1,02,1,000000000043877
1999,01,1,11,2,03,21,01,1,2,1,18,02,01,1989,01,M,23,11,2,02,1,000000000043877
1999,01,1,11,2,03,21,01,1,2,1,18,03,01,UUUU,01,U,UU,11,1,UU,1,000000000043877
1999,01,1,21,2,03,31,01,4,5,3,18,01,06,1990,01,F,17,11,1,02,1,000000000043878
1999,01,1,21,2,03,31,01,4,5,3,18,01,06,1990,02,F,17,13,1,02,2,000000000043878
1999,01,1,21,2,03,31,01,4,5,3,18,02,01,1994,01,M,69,11,2,UU,1,000000000043878
1999,01,1,21,2,03,31,01,4,5,3,18,03,01,1998,01,F,22,11,1,02,1,000000000043878
1999,01,1,15,2,03,34,02,4,5,1,03,01,01,1993,01,F,64,11,2,02,1,000000000043879
1999,01,1,15,2,03,34,02,4,5,1,03,02,06,1977,01,M,31,11,1,02,1,000000000043879
1999,01,1,15,2,03,34,02,4,5,1,03,03,01,1986,01,F,17,11,1,UU,1,000000000043879
1999,01,1,08,2,02,22,01,1,4,1,18,01,01,UUUU,01,F,30,11,1,UU,1,000000000043887
1999,01,1,08,2,02,22,01,1,4,1,18,01,01,UUUU,02,F,15,13,1,02,2,000000000043887
1999,01,1,08,2,02,22,01,1,4,1,18,01,01,UUUU,03,M,06,23,2,02,2,000000000043887
1999,01,1,08,2,02,22,01,1,4,1,18,02,06,1994,01,M,30,11,1,UU,1,000000000043887
1999,01,1,08,2,02,22,01,1,4,1,18,02,06,1994,02,M,63,13,1,UU,2,000000000043887
1999,01,1,08,2,02,22,01,1,4,1,18,02,06,1994,03,M,40,21,1,UU,2,000000000043887
1999,01,1,08,2,02,22,01,1,4,1,18,02,06,1994,04,M,40,23,1,UU,2,000000000043887
1999,01,1,11,2,02,34,02,1,5,1,03,01,01,1991,01,F,20,11,1,02,1,000000000043893
1999,01,1,11,2,02,34,02,1,5,1,03,01,01,1991,02,F,21,13,2,02,2,000000000043893
1999,01,1,11,2,02,34,02,1,5,1,03,01,01,1991,03,M,23,21,1,02,2,000000000043893
1999,01,1,11,2,02,34,02,1,5,1,03,01,01,1991,04,F,19,23,1,02,2,000000000043893
1999,01,1,11,2,02,34,02,1,5,1,03,02,01,1990,01,M,34,11,1,02,1,000000000043893
1999,01,1,11,2,02,34,02,1,5,1,03,02,01,1990,02,F,28,13,1,02,2,000000000043893
1999,01,1,07,2,03,21,02,4,4,1,03,01,06,1986,01,M,51,11,1,02,1,000000000043899
1999,01,1,07,2,03,21,02,4,4,1,03,02,06,1995,01,M,54,11,2,02,1,000000000043899
1999,01,1,07,2,03,21,02,4,4,1,03,03,01,1992,01,M,25,11,2,02,1,000000000043899
1999,01,1,07,2,03,21,02,4,4,1,03,03,01,1992,02,M,28,13,1,02,2,000000000043899
1999,01,1,09,2,02,33,02,1,2,1,01,01,01,1991,01,F,19,11,2,02,1,000000000043905
1999,01,1,09,2,02,33,02,1,2,1,01,01,01,1991,02,F,19,13,1,02,2,000000000043905
1999,01,1,09,2,02,33,02,1,2,1,01,02,01,1993,01,M,37,11,2,02,1,000000000043905
1999,01,1,09,2,02,33,02,1,2,1,01,02,01,1993,02,M,12,13,2,02,2,000000000043905
1999,01,1,09,2,02,33,02,1,2,1,01,02,01,1993,03,F,09,21,2,02,2,000000000043905
1999,01,1,09,2,02,33,02,1,2,1,01,02,01,1993,04,F,11,22,2,02,2,000000000043905
1999,01,1,09,2,02,33,02,1,2,1,01,02,01,1993,05,F,09,23,2,02,2,000000000043905
1999,01,1,12,2,01,01,03,1,2,1,18,01,01,1997,01,M,33,11,1,02,1,000000000043930
1999,01,1,12,2,01,01,03,1,2,1,18,99,NN,NNNN,01,F,13,99,2,13,3,000000000043930
1999,01,1,12,2,01,01,03,1,2,1,18,99,NN,NNNN,02,F,13,99,2,13,3,000000000043930
1999,01,1,08,2,02,34,02,5,5,1,01,01,01,1990,01,F,31,11,1,02,1,000000000043937
1999,01,1,08,2,02,34,02,5,5,1,01,02,01,1989,01,M,32,11,1,02,1,000000000043937
1999,01,1,08,2,02,34,02,5,5,1,01,02,01,1989,02,F,09,21,1,02,2,000000000043937
1999,01,1,08,2,02,34,02,5,5,1,01,02,01,1989,03,M,04,22,1,02,2,000000000043937
1999,01,1,08,2,02,34,02,5,5,1,01,02,01,1989,04,F,06,23,2,02,2,000000000043937
1999,01,1,12,2,02,34,02,1,2,1,01,01,01,1991,01,M,69,11,1,UU,1,000000000043939
1999,01,1,12,2,02,34,02,1,2,1,01,02,01,1991,01,F,44,11,2,02,1,000000000043939
1999,01,1,12,2,02,34,02,1,2,1,01,02,01,1991,02,F,16,13,1,02,2,000000000043939
1999,01,1,08,2,02,21,02,1,1,1,18,01,01,1998,01,F,47,11,1,02,1,000000000043940
1999,01,1,08,2,02,21,02,1,1,1,18,02,01,1991,01,M,51,11,2,02,1,000000000043940
1999,01,1,08,2,02,21,02,1,1,1,18,02,01,1991,02,F,50,13,2,02,2,000000000043940
1999,01,1,13,2,01,01,02,4,3,1,18,01,01,1988,01,M,UU,11,1,UU,1,000000000043941
1999,01,1,13,2,01,01,02,4,3,1,18,99,NN,NNNN,01,M,70,99,2,13,3,000000000043941
1999,01,1,11,2,02,33,03,1,2,1,01,01,01,1989,01,F,44,11,2,02,1,000000000043950
1999,01,1,11,2,02,33,03,1,2,1,01,02,01,1996,01,M,78,11,2,02,1,000000000043950
1999,01,1,12,2,02,21,02,1,2,1,03,01,06,1995,01,M,21,11,1,02,1,000000000043955
1999,01,1,12,2,02,21,02,1,2,1,03,02,01,1999,01,M,47,11,2,02,1,000000000043955
1999,01,1,12,2,02,21,02,1,2,1,03,02,01,1999,02,M,50,13,2,02,2,000000000043955
1999,01,1,16,2,02,33,02,1,1,1,01,01,01,1977,01,M,45,11,1,02,1,000000000043956
1999,01,1,16,2,02,33,02,1,1,1,01,02,01,1997,01,F,21,11,2,02,1,000000000043956
1999,01,1,09,2,01,01,01,1,4,1,18,01,01,1989,01,M,37,11,1,02,1,000000000043965
1999,01,1,09,2,01,01,01,1,4,1,18,01,01,1989,02,M,32,22,2,01,2,000000000043965
1999,01,1,18,2,02,21,03,1,5,1,18,01,01,1985,01,M,37,11,1,02,1,000000000043970
1999,01,1,18,2,02,21,03,1,5,1,18,02,01,1990,01,F,50,11,2,02,1,000000000043970
1999,01,1,13,2,01,01,02,1,2,2,01,01,01,1987,01,M,58,11,1,UU,1,000000000043971
1999,01,1,13,2,01,01,02,1,2,2,01,99,NN,NNNN,01,F,54,99,2,13,3,000000000043971
1999,01,1,13,2,01,01,02,1,2,2,01,99,NN,NNNN,02,M,27,99,1,13,3,000000000043971
1999,01,1,09,2,02,34,02,1,4,3,18,01,01,1989,01,M,32,11,1,02,1,000000000043977
1999,01,1,09,2,02,34,02,1,4,3,18,01,01,1989,02,F,31,13,2,02,2,000000000043977
1999,01,1,09,2,02,34,02,1,4,3,18,02,06,1994,01,M,34,11,1,02,1,000000000043977
1999,01,1,09,2,02,34,02,1,4,3,18,02,06,1994,02,F,33,13,1,02,2,000000000043977
1999,01,1,00,2,02,21,02,4,5,1,01,01,01,1986,01,M,27,11,1,02,1,000000000043986
1999,01,1,00,2,02,21,02,4,5,1,01,02,01,1987,01,F,33,11,2,02,1,000000000043986
1999,01,1,08,2,02,31,02,1,5,3,18,01,01,1999,01,F,39,11,2,02,1,000000000043996
